split,baseline,paired_episodes,success_delta_mean,success_delta_ci95,final_error_improvement_mean,final_error_improvement_ci95,energy_improvement_mean,energy_improvement_ci95,contact_violation_delta_mean,action_diff_rate,paired_t_approx,normal_approx_p
combined_shift,random_push,192,0.4062,0.0768,0.0623,0.0084,-0.0790,0.0122,0.0000,1.0000,10.3671,0.0000
combined_shift,vision_only_mpc,192,-0.0625,0.0494,-0.0071,0.0044,0.0066,0.0053,0.0000,0.5677,-2.4822,0.0131
combined_shift,tactile_only_mpc,192,0.0417,0.0519,0.0055,0.0046,-0.0103,0.0044,0.0000,0.4010,1.5750,0.1153
combined_shift,mean_fusion_mpc,192,-0.0260,0.0305,-0.0026,0.0022,0.0023,0.0022,0.0000,0.0052,-1.6745,0.0940
combined_shift,ensemble_uncertainty_mpc,192,0.0052,0.0271,0.0019,0.0013,-0.0028,0.0027,0.0000,0.0000,0.3771,0.7061
combined_shift,conformal_risk_filter,192,0.0521,0.0347,0.0066,0.0028,-0.0146,0.0043,0.0000,0.3333,2.9438,0.0032
combined_shift,diagnostic_probe_then_mpc,192,0.0312,0.0478,0.0032,0.0049,0.0888,0.0054,0.0000,1.0000,1.2813,0.2001
combined_shift,robust_minimax_mpc,192,-0.0365,0.0335,-0.0021,0.0024,0.0324,0.0046,0.0000,0.7760,-2.1299,0.0332
combined_shift,particle_belief_mpc,192,-0.0260,0.0268,-0.0010,0.0012,0.0007,0.0023,0.0000,0.0052,-1.9027,0.0571
combined_shift,old_vt_disagreement_branch_mpc,192,0.0521,0.0537,0.0050,0.0046,0.0430,0.0083,0.0000,0.5052,1.9027,0.0571
combined_shift,cvtb_no_probe,192,0.0000,0.0000,0.0000,0.0000,0.0000,0.0000,0.0000,0.0000,0.0000,1.0000
combined_shift,oracle_mode_mpc,192,-0.3125,0.0688,-0.0277,0.0059,0.0435,0.0063,0.0000,0.9740,-8.8963,0.0000
contact_dropout,random_push,192,0.7135,0.0657,0.0839,0.0073,-0.0610,0.0103,0.0000,0.9948,21.2766,0.0000
contact_dropout,vision_only_mpc,192,-0.0885,0.0428,-0.0234,0.0022,0.0349,0.0032,0.0000,0.9479,-4.0538,0.0001
contact_dropout,tactile_only_mpc,192,-0.0104,0.0457,-0.0186,0.0037,0.0342,0.0037,0.0000,0.9844,-0.4463,0.6554
contact_dropout,mean_fusion_mpc,192,-0.0729,0.0446,-0.0237,0.0021,0.0350,0.0030,0.0000,1.0000,-3.2052,0.0013
contact_dropout,ensemble_uncertainty_mpc,192,-0.0104,0.0501,-0.0181,0.0032,0.0339,0.0037,0.0000,0.9115,-0.4074,0.6837
contact_dropout,conformal_risk_filter,192,-0.0417,0.0498,-0.0160,0.0026,0.0241,0.0041,0.0000,0.8229,-1.6402,0.1010
contact_dropout,diagnostic_probe_then_mpc,192,0.0208,0.0613,-0.0156,0.0044,0.1162,0.0043,0.0000,1.0000,0.6657,0.5056
contact_dropout,robust_minimax_mpc,192,-0.0365,0.0488,-0.0105,0.0029,0.0659,0.0044,0.0000,1.0000,-1.4639,0.1432
contact_dropout,particle_belief_mpc,192,-0.0521,0.0452,-0.0219,0.0023,0.0356,0.0034,0.0000,0.9635,-2.2599,0.0238
contact_dropout,old_vt_disagreement_branch_mpc,192,0.0365,0.0529,-0.0143,0.0043,0.0630,0.0068,0.0000,0.9844,1.3500,0.1770
contact_dropout,cvtb_no_probe,192,0.0000,0.0000,0.0000,0.0000,0.0000,0.0000,0.0000,0.0000,0.0000,1.0000
contact_dropout,oracle_mode_mpc,192,-0.1094,0.0529,-0.0182,0.0030,0.0321,0.0040,0.0000,1.0000,-4.0533,0.0001
delayed_touch_sticky,random_push,192,0.5781,0.0700,0.0875,0.0094,-0.1646,0.0204,0.0000,1.0000,16.1784,0.0000
delayed_touch_sticky,vision_only_mpc,192,0.0052,0.0369,-0.0014,0.0031,0.0008,0.0069,0.0000,0.0156,0.2767,0.7820
delayed_touch_sticky,tactile_only_mpc,192,0.0000,0.0383,0.0036,0.0031,-0.0010,0.0055,0.0000,0.0104,0.0000,1.0000
delayed_touch_sticky,mean_fusion_mpc,192,-0.0104,0.0250,-0.0029,0.0030,0.0047,0.0048,0.0000,0.0104,-0.8158,0.4146
delayed_touch_sticky,ensemble_uncertainty_mpc,192,-0.0104,0.0289,0.0027,0.0025,-0.0027,0.0041,0.0000,0.0156,-0.7062,0.4801
delayed_touch_sticky,conformal_risk_filter,192,-0.0052,0.0229,-0.0024,0.0029,0.0001,0.0063,0.0000,0.0000,-0.4463,0.6554
delayed_touch_sticky,diagnostic_probe_then_mpc,192,0.0156,0.0605,0.0001,0.0040,0.1275,0.0117,0.0000,1.0000,0.5061,0.6128
delayed_touch_sticky,robust_minimax_mpc,192,-0.0208,0.0322,-0.0109,0.0030,0.0214,0.0056,0.0000,0.4062,-1.2669,0.2052
delayed_touch_sticky,particle_belief_mpc,192,-0.0052,0.0229,0.0016,0.0017,-0.0005,0.0039,0.0000,0.0104,-0.4463,0.6554
delayed_touch_sticky,old_vt_disagreement_branch_mpc,192,-0.0156,0.0339,0.0015,0.0024,-0.0003,0.0070,0.0000,0.0104,-0.9041,0.3659
delayed_touch_sticky,cvtb_no_probe,192,0.0000,0.0000,0.0000,0.0000,0.0000,0.0000,0.0000,0.0000,0.0000,1.0000
delayed_touch_sticky,oracle_mode_mpc,192,-0.2969,0.0680,-0.0425,0.0063,0.1322,0.0128,0.0000,1.0000,-8.5631,0.0000
high_friction,random_push,192,0.6771,0.0663,0.0774,0.0061,-0.0508,0.0107,0.0000,0.9844,20.0121,0.0000
high_friction,vision_only_mpc,192,0.0000,0.0000,0.0020,0.0003,-0.0001,0.0017,0.0000,0.0052,0.0000,1.0000
high_friction,tactile_only_mpc,192,0.0000,0.0000,-0.0003,0.0002,-0.0012,0.0017,0.0000,0.0000,0.0000,1.0000
high_friction,mean_fusion_mpc,192,0.0000,0.0000,0.0008,0.0001,-0.0002,0.0015,0.0000,0.0000,0.0000,1.0000
high_friction,ensemble_uncertainty_mpc,192,0.0000,0.0000,0.0003,0.0001,0.0004,0.0016,0.0000,0.0000,0.0000,1.0000
high_friction,conformal_risk_filter,192,0.0000,0.0000,-0.0004,0.0001,0.0013,0.0015,0.0000,0.0000,0.0000,1.0000
high_friction,diagnostic_probe_then_mpc,192,0.0000,0.0000,-0.0010,0.0003,0.0821,0.0019,0.0000,1.0000,0.0000,1.0000
high_friction,robust_minimax_mpc,192,0.0000,0.0000,0.0039,0.0017,0.0333,0.0030,0.0000,0.5833,0.0000,1.0000
high_friction,particle_belief_mpc,192,0.0000,0.0000,-0.0002,0.0001,0.0004,0.0015,0.0000,0.0000,0.0000,1.0000
high_friction,old_vt_disagreement_branch_mpc,192,0.0000,0.0000,0.0003,0.0002,-0.0022,0.0016,0.0000,0.0000,0.0000,1.0000
high_friction,cvtb_no_probe,192,0.0000,0.0000,0.0000,0.0000,0.0000,0.0000,0.0000,0.0000,0.0000,1.0000
high_friction,oracle_mode_mpc,192,0.0000,0.0000,0.0111,0.0010,0.0238,0.0021,0.0000,1.0000,0.0000,1.0000
low_friction,random_push,192,0.6354,0.0683,0.0779,0.0066,-0.0318,0.0094,0.0000,0.9844,18.2452,0.0000
low_friction,vision_only_mpc,192,0.0000,0.0000,-0.0013,0.0003,0.0019,0.0009,0.0000,0.0000,0.0000,1.0000
low_friction,tactile_only_mpc,192,0.0000,0.0000,0.0005,0.0003,-0.0036,0.0008,0.0000,0.0000,0.0000,1.0000
low_friction,mean_fusion_mpc,192,0.0000,0.0000,-0.0005,0.0002,-0.0011,0.0004,0.0000,0.0000,0.0000,1.0000
low_friction,ensemble_uncertainty_mpc,192,0.0000,0.0000,-0.0002,0.0002,-0.0019,0.0005,0.0000,0.0000,0.0000,1.0000
low_friction,conformal_risk_filter,192,0.0000,0.0000,0.0001,0.0002,0.0014,0.0005,0.0000,0.0000,0.0000,1.0000
low_friction,diagnostic_probe_then_mpc,192,0.0000,0.0000,-0.0004,0.0005,0.0528,0.0008,0.0000,1.0000,0.0000,1.0000
low_friction,robust_minimax_mpc,192,0.0260,0.0226,0.0267,0.0029,0.0258,0.0019,0.0000,0.5521,2.2599,0.0238
low_friction,particle_belief_mpc,192,0.0000,0.0000,-0.0000,0.0003,-0.0037,0.0006,0.0000,0.0000,0.0000,1.0000
low_friction,old_vt_disagreement_branch_mpc,192,0.0000,0.0000,0.0003,0.0003,-0.0042,0.0008,0.0000,0.0000,0.0000,1.0000
low_friction,cvtb_no_probe,192,0.0000,0.0000,0.0000,0.0000,0.0000,0.0000,0.0000,0.0000,0.0000,1.0000
low_friction,oracle_mode_mpc,192,0.0000,0.0000,0.0163,0.0010,-0.0443,0.0010,0.0000,1.0000,0.0000,1.0000
nominal,random_push,192,0.6667,0.0669,0.0854,0.0062,-0.0362,0.0087,0.0000,1.0000,19.5448,0.0000
nominal,vision_only_mpc,192,0.0000,0.0000,0.0014,0.0005,0.0014,0.0017,0.0000,0.0000,0.0000,1.0000
nominal,tactile_only_mpc,192,0.0000,0.0000,0.0002,0.0004,-0.0018,0.0015,0.0000,0.0000,0.0000,1.0000
nominal,mean_fusion_mpc,192,0.0000,0.0000,0.0007,0.0004,-0.0009,0.0016,0.0000,0.0000,0.0000,1.0000
nominal,ensemble_uncertainty_mpc,192,0.0000,0.0000,0.0002,0.0004,-0.0005,0.0016,0.0000,0.0000,0.0000,1.0000
nominal,conformal_risk_filter,192,0.0000,0.0000,-0.0004,0.0003,0.0017,0.0015,0.0000,0.0000,0.0000,1.0000
nominal,diagnostic_probe_then_mpc,192,0.0000,0.0000,0.0007,0.0005,0.0646,0.0016,0.0000,1.0000,0.0000,1.0000
nominal,robust_minimax_mpc,192,0.0000,0.0000,0.0179,0.0027,0.0275,0.0027,0.0000,0.5469,0.0000,1.0000
nominal,particle_belief_mpc,192,0.0000,0.0000,0.0002,0.0004,-0.0026,0.0016,0.0000,0.0000,0.0000,1.0000
nominal,old_vt_disagreement_branch_mpc,192,0.0000,0.0000,0.0003,0.0004,-0.0031,0.0015,0.0000,0.0000,0.0000,1.0000
nominal,cvtb_no_probe,192,0.0000,0.0000,0.0000,0.0000,0.0000,0.0000,0.0000,0.0000,0.0000,1.0000
nominal,oracle_mode_mpc,192,0.0000,0.0000,0.0163,0.0011,-0.0150,0.0019,0.0000,1.0000,0.0000,1.0000
sensor_conflict,random_push,192,0.3021,0.0667,0.0504,0.0112,-0.0653,0.0113,0.0000,1.0000,8.8758,0.0000
sensor_conflict,vision_only_mpc,192,-0.0677,0.0615,-0.0086,0.0089,0.0202,0.0061,0.0000,0.8698,-2.1574,0.0310
sensor_conflict,tactile_only_mpc,192,0.0260,0.0604,0.0167,0.0088,-0.0018,0.0088,0.0000,0.8542,0.8445,0.3984
sensor_conflict,mean_fusion_mpc,192,-0.0625,0.0425,-0.0081,0.0037,0.0121,0.0039,0.0000,0.3906,-2.8817,0.0040
sensor_conflict,ensemble_uncertainty_mpc,192,-0.0052,0.0369,0.0036,0.0048,0.0031,0.0047,0.0000,0.2552,-0.2767,0.7820
sensor_conflict,conformal_risk_filter,192,0.0312,0.0432,0.0116,0.0057,-0.0256,0.0057,0.0000,0.6302,1.4179,0.1562
sensor_conflict,diagnostic_probe_then_mpc,192,0.0312,0.0693,0.0185,0.0102,0.0868,0.0081,0.0000,1.0000,0.8841,0.3766
sensor_conflict,robust_minimax_mpc,192,-0.0104,0.0434,-0.0045,0.0046,0.0337,0.0058,0.0000,0.7188,-0.4704,0.6380
sensor_conflict,particle_belief_mpc,192,-0.0312,0.0321,-0.0018,0.0025,0.0115,0.0042,0.0000,0.2292,-1.9104,0.0561
sensor_conflict,old_vt_disagreement_branch_mpc,192,0.0260,0.0621,0.0131,0.0098,0.0680,0.0090,0.0000,0.8594,0.8213,0.4115
sensor_conflict,cvtb_no_probe,192,0.0000,0.0000,0.0000,0.0000,0.0000,0.0000,0.0000,0.0000,0.0000,1.0000
sensor_conflict,oracle_mode_mpc,192,-0.2656,0.0690,-0.0786,0.0115,0.0415,0.0081,0.0000,0.9896,-7.5449,0.0000
sticky_contact,random_push,192,0.7292,0.0630,0.0723,0.0066,-0.0937,0.0153,0.0000,1.0000,22.6767,0.0000
sticky_contact,vision_only_mpc,192,0.0000,0.0000,0.0022,0.0003,-0.0058,0.0028,0.0000,0.0208,0.0000,1.0000
sticky_contact,tactile_only_mpc,192,0.0052,0.0102,0.0000,0.0008,0.0032,0.0023,0.0000,0.0000,1.0000,0.3173
sticky_contact,mean_fusion_mpc,192,0.0000,0.0000,0.0010,0.0002,-0.0018,0.0024,0.0000,0.0000,0.0000,1.0000
sticky_contact,ensemble_uncertainty_mpc,192,0.0000,0.0000,0.0004,0.0003,-0.0003,0.0026,0.0000,0.0000,0.0000,1.0000
sticky_contact,conformal_risk_filter,192,0.0000,0.0000,-0.0003,0.0002,0.0002,0.0027,0.0000,0.0000,0.0000,1.0000
sticky_contact,diagnostic_probe_then_mpc,192,0.0000,0.0000,-0.0023,0.0007,0.1271,0.0028,0.0000,1.0000,0.0000,1.0000
sticky_contact,robust_minimax_mpc,192,0.0000,0.0000,-0.0128,0.0010,0.0453,0.0047,0.0000,0.6198,0.0000,1.0000
sticky_contact,particle_belief_mpc,192,0.0000,0.0000,-0.0001,0.0002,0.0027,0.0025,0.0000,0.0000,0.0000,1.0000
sticky_contact,old_vt_disagreement_branch_mpc,192,0.0052,0.0102,0.0005,0.0006,0.0009,0.0025,0.0000,0.0000,1.0000,0.3173
sticky_contact,cvtb_no_probe,192,0.0000,0.0000,0.0000,0.0000,0.0000,0.0000,0.0000,0.0000,0.0000,1.0000
sticky_contact,oracle_mode_mpc,192,0.0000,0.0000,-0.0113,0.0013,0.0840,0.0042,0.0000,1.0000,0.0000,1.0000
tactile_noise,random_push,192,0.6667,0.0699,0.0848,0.0068,-0.0562,0.0107,0.0000,0.9948,18.6884,0.0000
tactile_noise,vision_only_mpc,192,-0.0260,0.0226,-0.0072,0.0025,0.0009,0.0039,0.0000,0.6458,-2.2599,0.0238
tactile_noise,tactile_only_mpc,192,0.1146,0.0452,0.0182,0.0039,-0.0028,0.0039,0.0000,0.6042,4.9717,0.0000
tactile_noise,mean_fusion_mpc,192,-0.0208,0.0203,-0.0040,0.0014,0.0012,0.0027,0.0000,0.1198,-2.0159,0.0438
tactile_noise,ensemble_uncertainty_mpc,192,0.0104,0.0144,0.0023,0.0014,0.0010,0.0027,0.0000,0.0885,1.4179,0.1562
tactile_noise,conformal_risk_filter,192,0.0521,0.0315,0.0126,0.0023,-0.0170,0.0034,0.0000,0.4635,3.2395,0.0012
tactile_noise,diagnostic_probe_then_mpc,192,0.1719,0.0535,0.0230,0.0048,0.0795,0.0052,0.0000,1.0000,6.2962,0.0000
tactile_noise,robust_minimax_mpc,192,-0.0260,0.0226,0.0205,0.0028,0.0360,0.0035,0.0000,0.8177,-2.2599,0.0238
tactile_noise,particle_belief_mpc,192,-0.0156,0.0176,-0.0023,0.0012,0.0037,0.0028,0.0000,0.1094,-1.7412,0.0817
tactile_noise,old_vt_disagreement_branch_mpc,192,0.1354,0.0485,0.0187,0.0044,0.0527,0.0076,0.0000,0.6302,5.4695,0.0000
tactile_noise,cvtb_no_probe,192,0.0000,0.0000,0.0000,0.0000,0.0000,0.0000,0.0000,0.0000,0.0000,1.0000
tactile_noise,oracle_mode_mpc,192,0.0052,0.0229,0.0206,0.0020,-0.0196,0.0037,0.0000,1.0000,0.4463,0.6554
vision_bias,random_push,192,0.3229,0.0709,0.0549,0.0087,-0.0367,0.0108,0.0000,0.9948,8.9275,0.0000
vision_bias,vision_only_mpc,192,-0.0052,0.0177,-0.0001,0.0019,0.0096,0.0024,0.0000,0.4323,-0.5763,0.5644
vision_bias,tactile_only_mpc,192,0.0000,0.0145,-0.0002,0.0010,-0.0086,0.0023,0.0000,0.2708,0.0000,1.0000
vision_bias,mean_fusion_mpc,192,-0.0052,0.0102,-0.0002,0.0007,0.0003,0.0017,0.0000,0.0365,-1.0000,0.3173
vision_bias,ensemble_uncertainty_mpc,192,-0.0052,0.0102,-0.0001,0.0006,-0.0020,0.0018,0.0000,0.0365,-1.0000,0.3173
vision_bias,conformal_risk_filter,192,0.0000,0.0145,0.0043,0.0020,-0.0094,0.0037,0.0000,0.2552,0.0000,1.0000
vision_bias,diagnostic_probe_then_mpc,192,-0.0052,0.0177,-0.0011,0.0022,0.0752,0.0029,0.0000,1.0000,-0.5763,0.5644
vision_bias,robust_minimax_mpc,192,0.0312,0.0247,0.0103,0.0028,0.0305,0.0030,0.0000,0.7240,2.4822,0.0131
vision_bias,particle_belief_mpc,192,0.0000,0.0145,0.0000,0.0008,0.0003,0.0019,0.0000,0.0469,0.0000,1.0000
vision_bias,old_vt_disagreement_branch_mpc,192,0.0052,0.0102,0.0000,0.0011,0.0254,0.0058,0.0000,0.3906,1.0000,0.3173
vision_bias,cvtb_no_probe,192,0.0000,0.0000,0.0000,0.0000,0.0000,0.0000,0.0000,0.0000,0.0000,1.0000
vision_bias,oracle_mode_mpc,192,-0.3385,0.0671,-0.0352,0.0081,0.0059,0.0055,0.0000,0.9635,-9.8872,0.0000
