method,split,seed,episode,success,final_error,energy,max_contact_force,contact_violation,probe_contact,used_diagnostic,disagreement,branch_entropy,object_path,pusher_path,true_friction,vision_bias_norm,tactile_noise,action_note
full_vt_disagreement_branch_mpc,combined_shift,0,0,1,0.04279,0.63381,13.80302,0,1,0,0.03187,0.82790,0.24184,0.22921,1.3500,0.04500,0.03000,vision_branch+tactile_branch+high_force_branch
full_vt_disagreement_branch_mpc,combined_shift,0,1,0,0.08715,0.47303,9.57868,0,1,0,0.02285,0.84370,0.12068,0.18622,1.3500,0.04500,0.03000,vision_branch+tactile_branch+high_force_branch
full_vt_disagreement_branch_mpc,combined_shift,0,2,0,0.17614,0.38091,14.65258,0,1,0,0.04762,0.79655,0.04869,0.11363,1.3500,0.04500,0.03000,vision_branch+tactile_branch+high_force_branch
full_vt_disagreement_branch_mpc,combined_shift,0,3,1,0.02519,0.47105,7.76614,0,1,0,0.02403,0.84212,0.09847,0.19260,1.3500,0.04500,0.03000,vision_branch+tactile_branch+high_force_branch
full_vt_disagreement_branch_mpc,combined_shift,0,4,1,0.02414,0.45837,9.08542,0,1,0,0.04361,0.80526,0.13728,0.16942,1.3500,0.04500,0.03000,vision_branch+tactile_branch+high_force_branch
full_vt_disagreement_branch_mpc,combined_shift,0,5,0,0.11073,0.46469,11.75580,0,1,0,0.03848,0.81484,0.13888,0.23937,1.3500,0.04500,0.03000,vision_branch+tactile_branch+high_force_branch
full_vt_disagreement_branch_mpc,combined_shift,0,6,0,0.13844,0.45055,4.92216,0,1,0,0.02845,0.83488,0.07888,0.20277,1.3500,0.04500,0.03000,vision_branch+tactile_branch+high_force_branch
full_vt_disagreement_branch_mpc,combined_shift,0,7,1,0.05350,0.61578,7.00231,0,1,1,0.08915,0.59021,0.16023,0.22459,1.3500,0.04500,0.03000,vision_branch+tactile_branch+high_force_branch
full_vt_disagreement_branch_mpc,combined_shift,0,8,0,0.12456,0.82410,27.11632,0,1,1,0.07361,0.70189,0.11629,0.27999,1.3500,0.04500,0.03000,vision_branch+tactile_branch+high_force_branch
full_vt_disagreement_branch_mpc,combined_shift,0,9,1,0.07105,0.59538,8.61974,0,1,1,0.03678,0.81766,0.09117,0.20254,1.3500,0.04500,0.03000,vision_branch+tactile_branch+high_force_branch
full_vt_disagreement_branch_mpc,combined_shift,0,10,0,0.12080,0.48249,5.48522,0,1,1,0.07723,0.68106,0.01373,0.20747,1.3500,0.04500,0.03000,vision_branch+tactile_branch+high_force_branch
full_vt_disagreement_branch_mpc,combined_shift,0,11,0,0.20138,0.47114,7.82180,0,1,1,0.06945,0.72290,0.00537,0.22058,1.3500,0.04500,0.03000,vision_branch+tactile_branch+high_force_branch
full_vt_disagreement_branch_mpc,combined_shift,1,0,1,0.02925,0.57255,9.80647,0,1,0,0.04032,0.81159,0.17865,0.25142,1.3500,0.04500,0.03000,vision_branch+tactile_branch+high_force_branch
full_vt_disagreement_branch_mpc,combined_shift,1,1,0,0.25556,0.48285,7.14099,0,1,1,0.07336,0.70324,0.00000,0.26386,1.3500,0.04500,0.03000,vision_branch+tactile_branch+high_force_branch
full_vt_disagreement_branch_mpc,combined_shift,1,2,0,0.14024,0.38212,6.81232,0,1,0,0.02519,0.84042,0.02875,0.18954,1.3500,0.04500,0.03000,vision_branch+tactile_branch+high_force_branch
full_vt_disagreement_branch_mpc,combined_shift,1,3,1,0.02652,0.44923,8.00128,0,1,0,0.04324,0.80601,0.10650,0.17545,1.3500,0.04500,0.03000,vision_branch+tactile_branch+high_force_branch
full_vt_disagreement_branch_mpc,combined_shift,1,4,1,0.02994,0.56396,7.38889,0,1,0,0.03044,0.83096,0.22503,0.28593,1.3500,0.04500,0.03000,vision_branch+tactile_branch+high_force_branch
full_vt_disagreement_branch_mpc,combined_shift,1,5,1,0.04815,0.55929,9.09631,0,1,1,0.07067,0.71704,0.07647,0.15494,1.3500,0.04500,0.03000,vision_branch+tactile_branch+high_force_branch
full_vt_disagreement_branch_mpc,combined_shift,1,6,0,0.11581,0.55233,10.13213,0,1,0,0.01795,0.84876,0.16300,0.27814,1.3500,0.04500,0.03000,vision_branch+tactile_branch+high_force_branch
full_vt_disagreement_branch_mpc,combined_shift,1,7,1,0.02299,0.54644,7.48511,0,1,1,0.05792,0.76819,0.07027,0.15425,1.3500,0.04500,0.03000,vision_branch+tactile_branch+high_force_branch
full_vt_disagreement_branch_mpc,combined_shift,1,8,0,0.21664,0.70591,54.83271,0,1,0,0.03634,0.81836,0.07851,0.22812,1.3500,0.04500,0.03000,vision_branch+tactile_branch+high_force_branch
full_vt_disagreement_branch_mpc,combined_shift,1,9,1,0.04997,0.55716,9.11732,0,1,0,0.01787,0.84882,0.15915,0.23069,1.3500,0.04500,0.03000,vision_branch+tactile_branch+high_force_branch
full_vt_disagreement_branch_mpc,combined_shift,1,10,0,0.15170,0.53877,9.33405,0,1,0,0.02120,0.84568,0.12457,0.29881,1.3500,0.04500,0.03000,vision_branch+tactile_branch+high_force_branch
full_vt_disagreement_branch_mpc,combined_shift,1,11,1,0.02774,0.61052,8.66324,0,1,1,0.10572,0.58203,0.14058,0.21552,1.3500,0.04500,0.03000,vision_branch+tactile_branch+high_force_branch
full_vt_disagreement_branch_mpc,combined_shift,2,0,0,0.12641,0.47183,7.30455,0,1,0,0.04618,0.79980,0.09451,0.21570,1.3500,0.04500,0.03000,vision_branch+tactile_branch+high_force_branch
full_vt_disagreement_branch_mpc,combined_shift,2,1,0,0.11966,0.49854,7.12711,0,1,1,0.07862,0.67233,0.07218,0.17371,1.3500,0.04500,0.03000,vision_branch+tactile_branch+high_force_branch
full_vt_disagreement_branch_mpc,combined_shift,2,2,1,0.02093,0.65241,8.60247,0,1,1,0.08642,0.61459,0.13922,0.20546,1.3500,0.04500,0.03000,vision_branch+tactile_branch+high_force_branch
full_vt_disagreement_branch_mpc,combined_shift,2,3,0,0.22105,0.42781,5.64680,0,1,0,0.00846,0.85132,0.04186,0.24593,1.3500,0.04500,0.03000,vision_branch+tactile_branch+high_force_branch
full_vt_disagreement_branch_mpc,combined_shift,2,4,1,0.02266,0.52996,9.31931,0,1,0,0.01633,0.84987,0.16296,0.22440,1.3500,0.04500,0.03000,vision_branch+tactile_branch+high_force_branch
full_vt_disagreement_branch_mpc,combined_shift,2,5,0,0.14583,0.44595,6.00589,0,1,0,0.03931,0.81340,0.05122,0.25834,1.3500,0.04500,0.03000,vision_branch+tactile_branch+high_force_branch
full_vt_disagreement_branch_mpc,combined_shift,2,6,1,0.06286,0.67703,15.05632,0,1,1,0.05218,0.78516,0.14412,0.18575,1.3500,0.04500,0.03000,vision_branch+tactile_branch+high_force_branch
full_vt_disagreement_branch_mpc,combined_shift,2,7,1,0.03090,0.59023,13.93863,0,1,0,0.02189,0.84490,0.21592,0.20388,1.3500,0.04500,0.03000,vision_branch+tactile_branch+high_force_branch
full_vt_disagreement_branch_mpc,combined_shift,2,8,1,0.03810,0.62599,9.70740,0,1,1,0.09019,0.58203,0.12738,0.20893,1.3500,0.04500,0.03000,vision_branch+tactile_branch+high_force_branch
full_vt_disagreement_branch_mpc,combined_shift,2,9,1,0.04497,0.55619,7.01212,0,1,1,0.07410,0.69924,0.07547,0.14483,1.3500,0.04500,0.03000,vision_branch+tactile_branch+high_force_branch
full_vt_disagreement_branch_mpc,combined_shift,2,10,0,0.14465,0.47916,5.10082,0,1,1,0.05758,0.76930,0.02500,0.21540,1.3500,0.04500,0.03000,vision_branch+tactile_branch+high_force_branch
full_vt_disagreement_branch_mpc,combined_shift,2,11,0,0.11005,0.41727,7.66853,0,1,0,0.04032,0.81158,0.09629,0.17171,1.3500,0.04500,0.03000,vision_branch+tactile_branch+high_force_branch
full_vt_disagreement_branch_mpc,combined_shift,3,0,1,0.02260,0.49338,8.39167,0,1,0,0.01925,0.84766,0.12563,0.18637,1.3500,0.04500,0.03000,vision_branch+tactile_branch+high_force_branch
full_vt_disagreement_branch_mpc,combined_shift,3,1,1,0.02658,0.62052,6.69766,0,1,1,0.07651,0.68543,0.11868,0.18171,1.3500,0.04500,0.03000,vision_branch+tactile_branch+high_force_branch
full_vt_disagreement_branch_mpc,combined_shift,3,2,0,0.12761,0.59732,8.16733,0,1,1,0.06713,0.73344,0.07808,0.19915,1.3500,0.04500,0.03000,vision_branch+tactile_branch+high_force_branch
full_vt_disagreement_branch_mpc,combined_shift,3,3,1,0.03740,0.49507,6.11225,0,1,0,0.04727,0.79735,0.18118,0.20782,1.3500,0.04500,0.03000,vision_branch+tactile_branch+high_force_branch
full_vt_disagreement_branch_mpc,combined_shift,3,4,0,0.08017,0.52299,6.95947,0,1,1,0.09853,0.58203,0.03829,0.10741,1.3500,0.04500,0.03000,vision_branch+tactile_branch+high_force_branch
full_vt_disagreement_branch_mpc,combined_shift,3,5,0,0.22261,0.34879,2.98419,0,1,0,0.05404,0.78000,0.00000,0.21006,1.3500,0.04500,0.03000,vision_branch+tactile_branch+high_force_branch
full_vt_disagreement_branch_mpc,combined_shift,3,6,0,0.13300,0.45540,4.63963,0,1,0,0.00885,0.85141,0.08546,0.21331,1.3500,0.04500,0.03000,vision_branch+tactile_branch+high_force_branch
full_vt_disagreement_branch_mpc,combined_shift,3,7,1,0.02053,0.56241,8.32586,0,1,1,0.10078,0.58203,0.09071,0.12120,1.3500,0.04500,0.03000,vision_branch+tactile_branch+high_force_branch
full_vt_disagreement_branch_mpc,combined_shift,3,8,1,0.07203,0.45745,5.36201,0,1,0,0.02294,0.84359,0.11583,0.17958,1.3500,0.04500,0.03000,vision_branch+tactile_branch+high_force_branch
full_vt_disagreement_branch_mpc,combined_shift,3,9,1,0.02672,0.50184,8.42709,0,1,0,0.00774,0.85112,0.13431,0.20626,1.3500,0.04500,0.03000,vision_branch+tactile_branch+high_force_branch
full_vt_disagreement_branch_mpc,combined_shift,3,10,1,0.02966,0.53541,7.40257,0,1,0,0.03909,0.81377,0.18861,0.24404,1.3500,0.04500,0.03000,vision_branch+tactile_branch+high_force_branch
full_vt_disagreement_branch_mpc,combined_shift,3,11,1,0.03886,0.58571,7.82256,0,1,0,0.05177,0.78625,0.24246,0.26804,1.3500,0.04500,0.03000,vision_branch+tactile_branch+high_force_branch
full_vt_disagreement_branch_mpc,combined_shift,4,0,0,0.14623,0.47637,10.20617,0,1,0,0.02539,0.84011,0.10422,0.24167,1.3500,0.04500,0.03000,vision_branch+tactile_branch+high_force_branch
full_vt_disagreement_branch_mpc,combined_shift,4,1,0,0.18540,0.53780,4.74347,0,1,1,0.09201,0.58203,0.00000,0.27842,1.3500,0.04500,0.03000,vision_branch+tactile_branch+high_force_branch
full_vt_disagreement_branch_mpc,combined_shift,4,2,1,0.03568,0.55892,7.64512,0,1,1,0.08702,0.60950,0.07806,0.16381,1.3500,0.04500,0.03000,vision_branch+tactile_branch+high_force_branch
full_vt_disagreement_branch_mpc,combined_shift,4,3,1,0.04204,0.46673,7.08374,0,1,0,0.04595,0.80032,0.15367,0.18834,1.3500,0.04500,0.03000,vision_branch+tactile_branch+high_force_branch
full_vt_disagreement_branch_mpc,combined_shift,4,4,0,0.12847,0.62474,7.90686,0,1,1,0.07322,0.70399,0.09916,0.27234,1.3500,0.04500,0.03000,vision_branch+tactile_branch+high_force_branch
full_vt_disagreement_branch_mpc,combined_shift,4,5,1,0.02933,0.64601,31.28031,0,1,0,0.01990,0.84704,0.25254,0.22233,1.3500,0.04500,0.03000,vision_branch+tactile_branch+high_force_branch
full_vt_disagreement_branch_mpc,combined_shift,4,6,0,0.20817,0.31751,14.35172,0,1,0,0.04880,0.79376,0.00073,0.12437,1.3500,0.04500,0.03000,vision_branch+tactile_branch+high_force_branch
full_vt_disagreement_branch_mpc,combined_shift,4,7,0,0.10191,0.60488,8.75808,0,1,1,0.06973,0.72160,0.15321,0.24450,1.3500,0.04500,0.03000,vision_branch+tactile_branch+high_force_branch
full_vt_disagreement_branch_mpc,combined_shift,4,8,0,0.07521,0.54118,12.15067,0,1,0,0.03499,0.82047,0.23501,0.28134,1.3500,0.04500,0.03000,vision_branch+tactile_branch+high_force_branch
full_vt_disagreement_branch_mpc,combined_shift,4,9,0,0.08471,0.57850,7.51680,0,1,1,0.06063,0.75902,0.06824,0.16342,1.3500,0.04500,0.03000,vision_branch+tactile_branch+high_force_branch
full_vt_disagreement_branch_mpc,combined_shift,4,10,0,0.13188,0.58652,7.74905,0,1,1,0.06041,0.75979,0.08225,0.26869,1.3500,0.04500,0.03000,vision_branch+tactile_branch+high_force_branch
full_vt_disagreement_branch_mpc,combined_shift,4,11,1,0.04924,0.61115,7.54999,0,1,1,0.05770,0.76890,0.07027,0.15548,1.3500,0.04500,0.03000,vision_branch+tactile_branch+high_force_branch
no_branch_preservation,combined_shift,0,0,0,0.07916,0.57314,5.87390,0,1,1,0.06486,-0.00000,0.11233,0.23356,1.3500,0.04500,0.03000,collapsed
no_branch_preservation,combined_shift,0,1,1,0.04525,0.61477,8.64597,0,1,1,0.07028,-0.00000,0.09760,0.21039,1.3500,0.04500,0.03000,collapsed
no_branch_preservation,combined_shift,0,2,1,0.06637,0.57370,7.52398,0,1,1,0.08047,-0.00000,0.07203,0.18726,1.3500,0.04500,0.03000,collapsed
no_branch_preservation,combined_shift,0,3,1,0.05333,0.90185,61.29820,0,1,0,0.03193,-0.00000,0.19287,0.16549,1.3500,0.04500,0.03000,collapsed
no_branch_preservation,combined_shift,0,4,1,0.07164,0.53119,10.13031,0,1,0,0.03501,-0.00000,0.18553,0.25504,1.3500,0.04500,0.03000,collapsed
no_branch_preservation,combined_shift,0,5,1,0.02780,0.55883,8.26050,0,1,0,0.05239,-0.00000,0.18842,0.23785,1.3500,0.04500,0.03000,collapsed
no_branch_preservation,combined_shift,0,6,0,0.26210,0.25341,0.00000,0,0,0,0.04804,-0.00000,0.00000,0.17683,1.3500,0.04500,0.03000,collapsed
no_branch_preservation,combined_shift,0,7,0,0.08482,0.48233,5.92884,0,1,0,0.03477,-0.00000,0.09839,0.20011,1.3500,0.04500,0.03000,collapsed
no_branch_preservation,combined_shift,0,8,0,0.14020,0.53030,7.44179,0,1,1,0.07781,-0.00000,0.09150,0.22429,1.3500,0.04500,0.03000,collapsed
no_branch_preservation,combined_shift,0,9,1,0.02350,0.53598,10.20929,0,1,0,0.01382,-0.00000,0.15725,0.22844,1.3500,0.04500,0.03000,collapsed
no_branch_preservation,combined_shift,0,10,1,0.04762,0.55058,7.46757,0,1,0,0.05026,-0.00000,0.20076,0.25259,1.3500,0.04500,0.03000,collapsed
no_branch_preservation,combined_shift,0,11,0,0.07924,0.62633,7.12653,0,1,1,0.08611,-0.00000,0.14861,0.23814,1.3500,0.04500,0.03000,collapsed
no_branch_preservation,combined_shift,1,0,1,0.01560,0.48829,6.11022,0,1,1,0.02973,-0.00000,0.00282,0.14585,1.3500,0.04500,0.03000,collapsed
no_branch_preservation,combined_shift,1,1,0,0.08814,0.43134,7.18922,0,1,0,0.03958,-0.00000,0.07441,0.14104,1.3500,0.04500,0.03000,collapsed
no_branch_preservation,combined_shift,1,2,0,0.14923,0.39376,2.93535,0,1,1,0.05869,-0.00000,0.00000,0.16545,1.3500,0.04500,0.03000,collapsed
no_branch_preservation,combined_shift,1,3,0,0.11466,0.63678,11.98976,0,1,1,0.10211,-0.00000,0.10726,0.24773,1.3500,0.04500,0.03000,collapsed
no_branch_preservation,combined_shift,1,4,0,0.11212,0.44477,5.29910,0,1,0,0.02445,-0.00000,0.08682,0.18804,1.3500,0.04500,0.03000,collapsed
no_branch_preservation,combined_shift,1,5,1,0.02237,0.50605,8.48280,0,1,0,0.02054,-0.00000,0.15897,0.23039,1.3500,0.04500,0.03000,collapsed
no_branch_preservation,combined_shift,1,6,1,0.02997,0.54687,7.74672,0,1,0,0.03342,-0.00000,0.19647,0.26527,1.3500,0.04500,0.03000,collapsed
no_branch_preservation,combined_shift,1,7,0,0.14415,0.43212,7.41886,0,1,0,0.04827,-0.00000,0.09296,0.19400,1.3500,0.04500,0.03000,collapsed
no_branch_preservation,combined_shift,1,8,0,0.14533,0.47189,5.28699,0,1,0,0.01357,-0.00000,0.08020,0.27138,1.3500,0.04500,0.03000,collapsed
no_branch_preservation,combined_shift,1,9,1,0.02656,0.51347,9.74543,0,1,0,0.04674,-0.00000,0.18669,0.24374,1.3500,0.04500,0.03000,collapsed
no_branch_preservation,combined_shift,1,10,1,0.02136,0.68519,13.36713,0,1,0,0.02816,-0.00000,0.17512,0.17411,1.3500,0.04500,0.03000,collapsed
no_branch_preservation,combined_shift,1,11,0,0.08634,0.64883,10.32880,0,1,1,0.05890,-0.00000,0.10373,0.22208,1.3500,0.04500,0.03000,collapsed
no_branch_preservation,combined_shift,2,0,0,0.11499,0.37108,5.57840,0,1,0,0.03255,-0.00000,0.05363,0.16109,1.3500,0.04500,0.03000,collapsed
no_branch_preservation,combined_shift,2,1,1,0.02266,0.92417,64.62277,0,1,0,0.01403,-0.00000,0.26026,0.23213,1.3500,0.04500,0.03000,collapsed
no_branch_preservation,combined_shift,2,2,1,0.04993,0.45818,7.05426,0,1,0,0.04826,-0.00000,0.14643,0.19479,1.3500,0.04500,0.03000,collapsed
no_branch_preservation,combined_shift,2,3,0,0.10696,0.53155,6.96816,0,1,1,0.12027,-0.00000,0.13863,0.18931,1.3500,0.04500,0.03000,collapsed
no_branch_preservation,combined_shift,2,4,1,0.02260,0.50650,6.82468,0,1,0,0.05457,-0.00000,0.19358,0.25146,1.3500,0.04500,0.03000,collapsed
no_branch_preservation,combined_shift,2,5,1,0.02663,0.59089,9.79893,0,1,1,0.06736,-0.00000,0.07997,0.18844,1.3500,0.04500,0.03000,collapsed
no_branch_preservation,combined_shift,2,6,1,0.07132,0.57875,10.90793,0,1,0,0.00756,-0.00000,0.19329,0.27362,1.3500,0.04500,0.03000,collapsed
no_branch_preservation,combined_shift,2,7,1,0.01908,0.47224,8.48604,0,1,0,0.04007,-0.00000,0.16116,0.21262,1.3500,0.04500,0.03000,collapsed
no_branch_preservation,combined_shift,2,8,1,0.04407,0.58648,6.88322,0,1,1,0.10016,-0.00000,0.08335,0.21770,1.3500,0.04500,0.03000,collapsed
no_branch_preservation,combined_shift,2,9,1,0.03183,0.62751,9.75538,0,1,1,0.04557,-0.00000,0.11545,0.23626,1.3500,0.04500,0.03000,collapsed
no_branch_preservation,combined_shift,2,10,0,0.19347,0.46051,7.12883,0,1,0,0.03856,-0.00000,0.05261,0.26551,1.3500,0.04500,0.03000,collapsed
no_branch_preservation,combined_shift,2,11,0,0.10037,0.61279,7.34538,0,1,1,0.08474,-0.00000,0.13597,0.22933,1.3500,0.04500,0.03000,collapsed
no_branch_preservation,combined_shift,3,0,1,0.02654,0.57380,9.58482,0,1,1,0.05760,-0.00000,0.13675,0.23229,1.3500,0.04500,0.03000,collapsed
no_branch_preservation,combined_shift,3,1,0,0.10985,0.42503,6.49881,0,1,0,0.04668,-0.00000,0.11158,0.18522,1.3500,0.04500,0.03000,collapsed
no_branch_preservation,combined_shift,3,2,1,0.03841,0.53592,7.54132,0,1,0,0.04791,-0.00000,0.16774,0.21611,1.3500,0.04500,0.03000,collapsed
no_branch_preservation,combined_shift,3,3,0,0.13863,0.44279,5.25571,0,1,0,0.03733,-0.00000,0.08288,0.23133,1.3500,0.04500,0.03000,collapsed
no_branch_preservation,combined_shift,3,4,0,0.08877,0.51955,7.75837,0,1,0,0.04519,-0.00000,0.18453,0.26616,1.3500,0.04500,0.03000,collapsed
no_branch_preservation,combined_shift,3,5,1,0.01980,0.56149,11.21863,0,1,0,0.05308,-0.00000,0.17510,0.14240,1.3500,0.04500,0.03000,collapsed
no_branch_preservation,combined_shift,3,6,0,0.13220,0.61676,10.57614,0,1,1,0.05640,-0.00000,0.10073,0.26581,1.3500,0.04500,0.03000,collapsed
no_branch_preservation,combined_shift,3,7,0,0.12361,0.53272,7.47703,0,1,1,0.05920,-0.00000,0.05657,0.22636,1.3500,0.04500,0.03000,collapsed
no_branch_preservation,combined_shift,3,8,0,0.09316,0.43988,7.37750,0,1,0,0.04165,-0.00000,0.07703,0.16491,1.3500,0.04500,0.03000,collapsed
no_branch_preservation,combined_shift,3,9,1,0.01928,0.58317,7.80984,0,1,1,0.05947,-0.00000,0.06973,0.19148,1.3500,0.04500,0.03000,collapsed
no_branch_preservation,combined_shift,3,10,1,0.05013,0.55200,7.71050,0,0,0,0.04644,-0.00000,0.21771,0.31385,1.3500,0.04500,0.03000,collapsed
no_branch_preservation,combined_shift,3,11,0,0.09668,0.52187,9.15490,0,1,1,0.10275,-0.00000,0.04192,0.14476,1.3500,0.04500,0.03000,collapsed
no_branch_preservation,combined_shift,4,0,0,0.20262,0.45961,4.97079,0,1,0,0.03206,-0.00000,0.02963,0.27774,1.3500,0.04500,0.03000,collapsed
no_branch_preservation,combined_shift,4,1,0,0.11907,0.48102,11.36908,0,1,0,0.05392,-0.00000,0.14969,0.24383,1.3500,0.04500,0.03000,collapsed
no_branch_preservation,combined_shift,4,2,1,0.03965,0.50905,7.74649,0,1,0,0.04495,-0.00000,0.12770,0.17930,1.3500,0.04500,0.03000,collapsed
no_branch_preservation,combined_shift,4,3,1,0.02647,0.56856,6.72462,0,1,0,0.02676,-0.00000,0.16750,0.23158,1.3500,0.04500,0.03000,collapsed
no_branch_preservation,combined_shift,4,4,1,0.02318,0.49664,7.82512,0,1,0,0.03083,-0.00000,0.12409,0.18532,1.3500,0.04500,0.03000,collapsed
no_branch_preservation,combined_shift,4,5,0,0.09260,0.47243,8.42762,0,1,0,0.03257,-0.00000,0.10380,0.18960,1.3500,0.04500,0.03000,collapsed
no_branch_preservation,combined_shift,4,6,0,0.08342,0.46651,6.00476,0,1,0,0.04813,-0.00000,0.12651,0.19336,1.3500,0.04500,0.03000,collapsed
no_branch_preservation,combined_shift,4,7,1,0.06042,0.49849,9.35946,0,1,0,0.01000,-0.00000,0.15172,0.22551,1.3500,0.04500,0.03000,collapsed
no_branch_preservation,combined_shift,4,8,0,0.08086,0.55286,10.32361,0,1,0,0.01983,-0.00000,0.14568,0.23417,1.3500,0.04500,0.03000,collapsed
no_branch_preservation,combined_shift,4,9,1,0.01683,0.64577,12.46887,0,1,0,0.03806,-0.00000,0.22971,0.23157,1.3500,0.04500,0.03000,collapsed
no_branch_preservation,combined_shift,4,10,1,0.03322,1.12712,69.62701,0,1,1,0.07481,-0.00000,0.14981,0.25590,1.3500,0.04500,0.03000,collapsed
no_branch_preservation,combined_shift,4,11,0,0.11139,0.58736,6.67288,0,1,1,0.06946,-0.00000,0.12860,0.24594,1.3500,0.04500,0.03000,collapsed
no_disagreement_trigger,combined_shift,0,0,1,0.07362,0.47991,8.89667,0,1,0,0.03247,0.82654,0.09002,0.19103,1.3500,0.04500,0.03000,vision_branch+tactile_branch+high_force_branch
no_disagreement_trigger,combined_shift,0,1,0,0.12907,0.52581,7.19158,0,1,0,0.02585,0.83939,0.12353,0.26534,1.3500,0.04500,0.03000,vision_branch+tactile_branch+high_force_branch
no_disagreement_trigger,combined_shift,0,2,0,0.10518,0.45204,4.81069,0,1,0,0.02641,0.83847,0.11450,0.20302,1.3500,0.04500,0.03000,vision_branch+tactile_branch+high_force_branch
no_disagreement_trigger,combined_shift,0,3,1,0.02682,0.41850,5.87199,0,1,0,0.02278,0.84380,0.07517,0.14450,1.3500,0.04500,0.03000,vision_branch+tactile_branch+high_force_branch
no_disagreement_trigger,combined_shift,0,4,0,0.10833,0.51674,6.29950,0,1,0,0.05409,0.77987,0.17663,0.26802,1.3500,0.04500,0.03000,vision_branch+tactile_branch+high_force_branch
no_disagreement_trigger,combined_shift,0,5,1,0.02920,0.47470,7.12165,0,1,0,0.04754,0.79673,0.16679,0.21632,1.3500,0.04500,0.03000,vision_branch+tactile_branch+high_force_branch
no_disagreement_trigger,combined_shift,0,6,0,0.18305,0.68042,22.58269,0,1,0,0.04779,0.79614,0.22855,0.28535,1.3500,0.04500,0.03000,vision_branch+tactile_branch+high_force_branch
no_disagreement_trigger,combined_shift,0,7,1,0.07405,0.47775,5.26675,0,1,0,0.04368,0.80513,0.11033,0.19832,1.3500,0.04500,0.03000,vision_branch+tactile_branch+high_force_branch
no_disagreement_trigger,combined_shift,0,8,1,0.02782,0.46122,7.90329,0,1,0,0.04232,0.80782,0.14424,0.18911,1.3500,0.04500,0.03000,vision_branch+tactile_branch+high_force_branch
no_disagreement_trigger,combined_shift,0,9,1,0.03465,0.53835,8.50006,0,1,0,0.05368,0.78101,0.21747,0.25398,1.3500,0.04500,0.03000,vision_branch+tactile_branch+high_force_branch
no_disagreement_trigger,combined_shift,0,10,1,0.03356,0.50005,7.68780,0,1,0,0.05009,0.79058,0.15965,0.21563,1.3500,0.04500,0.03000,vision_branch+tactile_branch+high_force_branch
no_disagreement_trigger,combined_shift,0,11,1,0.04778,0.40928,7.58831,0,1,0,0.01347,0.85116,0.08427,0.17562,1.3500,0.04500,0.03000,vision_branch+tactile_branch+high_force_branch
no_disagreement_trigger,combined_shift,1,0,0,0.15576,0.49326,7.88750,0,1,0,0.04878,0.79381,0.10520,0.24992,1.3500,0.04500,0.03000,vision_branch+tactile_branch+high_force_branch
no_disagreement_trigger,combined_shift,1,1,0,0.13497,0.41983,3.98912,0,1,0,0.05318,0.78242,0.03914,0.22282,1.3500,0.04500,0.03000,vision_branch+tactile_branch+high_force_branch
no_disagreement_trigger,combined_shift,1,2,0,0.08628,0.44516,7.97358,0,1,0,0.03037,0.83110,0.08010,0.16146,1.3500,0.04500,0.03000,vision_branch+tactile_branch+high_force_branch
no_disagreement_trigger,combined_shift,1,3,0,0.23691,0.39046,5.66774,0,1,0,0.09560,0.58203,0.00000,0.23379,1.3500,0.04500,0.03000,vision_branch+tactile_branch+high_force_branch
no_disagreement_trigger,combined_shift,1,4,1,0.03960,0.58273,11.86641,0,1,0,0.01756,0.84905,0.25629,0.31519,1.3500,0.04500,0.03000,vision_branch+tactile_branch+high_force_branch
no_disagreement_trigger,combined_shift,1,5,1,0.03100,0.47818,5.91251,0,1,0,0.07883,0.67100,0.12295,0.13290,1.3500,0.04500,0.03000,vision_branch+tactile_branch+high_force_branch
no_disagreement_trigger,combined_shift,1,6,1,0.04532,0.56069,11.50784,0,1,0,0.04098,0.81037,0.25949,0.30419,1.3500,0.04500,0.03000,vision_branch+tactile_branch+high_force_branch
no_disagreement_trigger,combined_shift,1,7,1,0.02836,0.55616,8.04794,0,1,0,0.06567,0.73968,0.25379,0.27747,1.3500,0.04500,0.03000,vision_branch+tactile_branch+high_force_branch
no_disagreement_trigger,combined_shift,1,8,1,0.02346,0.47152,8.86391,0,1,0,0.06433,0.74512,0.15519,0.17764,1.3500,0.04500,0.03000,vision_branch+tactile_branch+high_force_branch
no_disagreement_trigger,combined_shift,1,9,0,0.11530,0.49495,9.25477,0,1,0,0.03040,0.83104,0.09944,0.22345,1.3500,0.04500,0.03000,vision_branch+tactile_branch+high_force_branch
no_disagreement_trigger,combined_shift,1,10,1,0.02553,0.53824,11.29771,0,1,0,0.05866,0.76577,0.17845,0.21232,1.3500,0.04500,0.03000,vision_branch+tactile_branch+high_force_branch
no_disagreement_trigger,combined_shift,1,11,0,0.15085,0.59122,18.06699,0,1,0,0.03783,0.81593,0.15860,0.24967,1.3500,0.04500,0.03000,vision_branch+tactile_branch+high_force_branch
no_disagreement_trigger,combined_shift,2,0,1,0.02288,0.47166,8.91995,0,1,0,0.02690,0.83765,0.15420,0.22479,1.3500,0.04500,0.03000,vision_branch+tactile_branch+high_force_branch
no_disagreement_trigger,combined_shift,2,1,0,0.09668,0.47550,7.99995,0,1,0,0.05064,0.78918,0.12922,0.19481,1.3500,0.04500,0.03000,vision_branch+tactile_branch+high_force_branch
no_disagreement_trigger,combined_shift,2,2,1,0.02260,0.54750,10.29486,0,1,0,0.03496,0.82052,0.18912,0.24024,1.3500,0.04500,0.03000,vision_branch+tactile_branch+high_force_branch
no_disagreement_trigger,combined_shift,2,3,1,0.03834,0.51400,7.42049,0,1,0,0.06018,0.76059,0.18854,0.22202,1.3500,0.04500,0.03000,vision_branch+tactile_branch+high_force_branch
no_disagreement_trigger,combined_shift,2,4,1,0.02735,0.48798,9.33139,0,1,0,0.02134,0.84553,0.17076,0.22998,1.3500,0.04500,0.03000,vision_branch+tactile_branch+high_force_branch
no_disagreement_trigger,combined_shift,2,5,0,0.10156,0.52485,6.93688,0,1,0,0.02603,0.83909,0.14212,0.23822,1.3500,0.04500,0.03000,vision_branch+tactile_branch+high_force_branch
no_disagreement_trigger,combined_shift,2,6,0,0.08228,0.45717,6.73202,0,1,0,0.08754,0.60488,0.16293,0.19837,1.3500,0.04500,0.03000,vision_branch+tactile_branch+high_force_branch
no_disagreement_trigger,combined_shift,2,7,0,0.13067,0.50794,10.00717,0,1,0,0.07479,0.69540,0.15529,0.25518,1.3500,0.04500,0.03000,vision_branch+tactile_branch+high_force_branch
no_disagreement_trigger,combined_shift,2,8,0,0.08267,0.46709,9.23257,0,1,0,0.06497,0.74255,0.14510,0.18641,1.3500,0.04500,0.03000,vision_branch+tactile_branch+high_force_branch
no_disagreement_trigger,combined_shift,2,9,1,0.02124,0.56580,10.51998,0,1,0,0.03048,0.83089,0.20434,0.27437,1.3500,0.04500,0.03000,vision_branch+tactile_branch+high_force_branch
no_disagreement_trigger,combined_shift,2,10,1,0.02214,0.54002,8.47066,0,1,0,0.02985,0.83218,0.19648,0.25116,1.3500,0.04500,0.03000,vision_branch+tactile_branch+high_force_branch
no_disagreement_trigger,combined_shift,2,11,0,0.12448,0.39030,4.95735,0,1,0,0.04230,0.80786,0.06937,0.16714,1.3500,0.04500,0.03000,vision_branch+tactile_branch+high_force_branch
no_disagreement_trigger,combined_shift,3,0,1,0.04335,0.44976,6.42540,0,1,0,0.03848,0.81483,0.09790,0.18896,1.3500,0.04500,0.03000,vision_branch+tactile_branch+high_force_branch
no_disagreement_trigger,combined_shift,3,1,1,0.03250,0.51029,7.20193,0,1,0,0.02351,0.84283,0.13679,0.19334,1.3500,0.04500,0.03000,vision_branch+tactile_branch+high_force_branch
no_disagreement_trigger,combined_shift,3,2,1,0.06737,0.47316,5.92872,0,1,0,0.04372,0.80504,0.12908,0.20111,1.3500,0.04500,0.03000,vision_branch+tactile_branch+high_force_branch
no_disagreement_trigger,combined_shift,3,3,1,0.04605,0.42409,7.51720,0,1,0,0.00889,0.85141,0.09140,0.16580,1.3500,0.04500,0.03000,vision_branch+tactile_branch+high_force_branch
no_disagreement_trigger,combined_shift,3,4,0,0.10048,0.41089,7.17640,0,1,0,0.09741,0.58203,0.14919,0.16119,1.3500,0.04500,0.03000,vision_branch+tactile_branch+high_force_branch
no_disagreement_trigger,combined_shift,3,5,1,0.05991,0.50632,8.03213,0,1,0,0.03345,0.82426,0.14218,0.22107,1.3500,0.04500,0.03000,vision_branch+tactile_branch+high_force_branch
no_disagreement_trigger,combined_shift,3,6,1,0.05405,0.49924,11.02904,0,1,0,0.08545,0.62269,0.19703,0.25791,1.3500,0.04500,0.03000,vision_branch+tactile_branch+high_force_branch
no_disagreement_trigger,combined_shift,3,7,1,0.03260,0.53612,9.16504,0,1,0,0.03907,0.81382,0.18213,0.22914,1.3500,0.04500,0.03000,vision_branch+tactile_branch+high_force_branch
no_disagreement_trigger,combined_shift,3,8,0,0.12899,0.36523,6.09328,0,1,0,0.05883,0.76521,0.02761,0.19128,1.3500,0.04500,0.03000,vision_branch+tactile_branch+high_force_branch
no_disagreement_trigger,combined_shift,3,9,0,0.12081,0.52623,7.72626,0,1,0,0.04075,0.81080,0.11725,0.26362,1.3500,0.04500,0.03000,vision_branch+tactile_branch+high_force_branch
no_disagreement_trigger,combined_shift,3,10,1,0.04822,0.54933,12.23084,0,1,0,0.07145,0.71319,0.15356,0.20137,1.3500,0.04500,0.03000,vision_branch+tactile_branch+high_force_branch
no_disagreement_trigger,combined_shift,3,11,0,0.10555,0.45559,7.83958,0,1,0,0.02352,0.84283,0.10411,0.21336,1.3500,0.04500,0.03000,vision_branch+tactile_branch+high_force_branch
no_disagreement_trigger,combined_shift,4,0,0,0.15000,0.45356,8.89580,0,1,0,0.02810,0.83553,0.08497,0.22167,1.3500,0.04500,0.03000,vision_branch+tactile_branch+high_force_branch
no_disagreement_trigger,combined_shift,4,1,0,0.08830,0.48119,5.92685,0,1,0,0.05372,0.78092,0.11513,0.19755,1.3500,0.04500,0.03000,vision_branch+tactile_branch+high_force_branch
no_disagreement_trigger,combined_shift,4,2,1,0.02682,0.47392,7.39212,0,1,0,0.07241,0.70829,0.12059,0.15233,1.3500,0.04500,0.03000,vision_branch+tactile_branch+high_force_branch
no_disagreement_trigger,combined_shift,4,3,1,0.02817,0.58549,12.35485,0,1,0,0.06228,0.75303,0.22267,0.28401,1.3500,0.04500,0.03000,vision_branch+tactile_branch+high_force_branch
no_disagreement_trigger,combined_shift,4,4,1,0.03266,0.45041,7.49984,0,1,0,0.07873,0.67161,0.15304,0.16329,1.3500,0.04500,0.03000,vision_branch+tactile_branch+high_force_branch
no_disagreement_trigger,combined_shift,4,5,1,0.03792,0.56757,6.78379,0,1,0,0.04979,0.79135,0.23216,0.27571,1.3500,0.04500,0.03000,vision_branch+tactile_branch+high_force_branch
no_disagreement_trigger,combined_shift,4,6,1,0.04719,0.53860,6.80614,0,1,0,0.01183,0.85151,0.17068,0.24933,1.3500,0.04500,0.03000,vision_branch+tactile_branch+high_force_branch
no_disagreement_trigger,combined_shift,4,7,1,0.03182,0.49085,10.16039,0,1,0,0.05442,0.77891,0.16405,0.20598,1.3500,0.04500,0.03000,vision_branch+tactile_branch+high_force_branch
no_disagreement_trigger,combined_shift,4,8,0,0.12848,0.65799,21.64844,0,1,0,0.05632,0.77323,0.16275,0.28174,1.3500,0.04500,0.03000,vision_branch+tactile_branch+high_force_branch
no_disagreement_trigger,combined_shift,4,9,0,0.16405,0.48343,8.46906,0,1,0,0.07584,0.68934,0.12928,0.26772,1.3500,0.04500,0.03000,vision_branch+tactile_branch+high_force_branch
no_disagreement_trigger,combined_shift,4,10,0,0.13224,0.48943,7.10453,0,1,0,0.08102,0.65625,0.13772,0.25152,1.3500,0.04500,0.03000,vision_branch+tactile_branch+high_force_branch
no_disagreement_trigger,combined_shift,4,11,1,0.02334,0.47367,7.53907,0,1,0,0.01956,0.84737,0.08733,0.16582,1.3500,0.04500,0.03000,vision_branch+tactile_branch+high_force_branch
no_diagnostic_value,combined_shift,0,0,1,0.07448,0.47923,7.35651,0,1,0,0.06489,0.74288,0.15394,0.16667,1.3500,0.04500,0.03000,vision_branch+tactile_branch+high_force_branch
no_diagnostic_value,combined_shift,0,1,1,0.03554,0.52412,8.98280,0,1,0,0.03635,0.81834,0.16276,0.21676,1.3500,0.04500,0.03000,vision_branch+tactile_branch+high_force_branch
no_diagnostic_value,combined_shift,0,2,0,0.21676,0.35325,2.85786,0,1,0,0.03489,0.82072,0.00000,0.21356,1.3500,0.04500,0.03000,vision_branch+tactile_branch+high_force_branch
no_diagnostic_value,combined_shift,0,3,0,0.12812,0.48649,5.62877,0,1,0,0.03380,0.82340,0.14830,0.26553,1.3500,0.04500,0.03000,vision_branch+tactile_branch+high_force_branch
no_diagnostic_value,combined_shift,0,4,0,0.09272,0.47442,8.79512,0,1,0,0.04003,0.81211,0.10780,0.17116,1.3500,0.04500,0.03000,vision_branch+tactile_branch+high_force_branch
no_diagnostic_value,combined_shift,0,5,0,0.28616,0.55204,18.03853,0,1,0,0.01399,0.85099,0.06300,0.22680,1.3500,0.04500,0.03000,vision_branch+tactile_branch+high_force_branch
no_diagnostic_value,combined_shift,0,6,0,0.20604,0.40608,4.01152,0,1,0,0.05828,0.76702,0.00000,0.25299,1.3500,0.04500,0.03000,vision_branch+tactile_branch+high_force_branch
no_diagnostic_value,combined_shift,0,7,1,0.03196,0.47128,7.20777,0,1,0,0.01613,0.84999,0.12091,0.20630,1.3500,0.04500,0.03000,vision_branch+tactile_branch+high_force_branch
no_diagnostic_value,combined_shift,0,8,0,0.14846,0.34012,5.18813,0,1,0,0.05842,0.76656,0.00472,0.17104,1.3500,0.04500,0.03000,vision_branch+tactile_branch+high_force_branch
no_diagnostic_value,combined_shift,0,9,1,0.05327,0.51764,10.84227,0,1,0,0.00734,0.85098,0.12713,0.20309,1.3500,0.04500,0.03000,vision_branch+tactile_branch+high_force_branch
no_diagnostic_value,combined_shift,0,10,0,0.14789,0.43398,4.89581,0,1,0,0.03262,0.82619,0.09169,0.19797,1.3500,0.04500,0.03000,vision_branch+tactile_branch+high_force_branch
no_diagnostic_value,combined_shift,0,11,0,0.13633,0.42959,5.66919,0,1,0,0.02286,0.84369,0.10920,0.18955,1.3500,0.04500,0.03000,vision_branch+tactile_branch+high_force_branch
no_diagnostic_value,combined_shift,1,0,0,0.22596,0.40965,7.48066,0,1,0,0.02272,0.84387,0.01735,0.23299,1.3500,0.04500,0.03000,vision_branch+tactile_branch+high_force_branch
no_diagnostic_value,combined_shift,1,1,1,0.03664,0.46796,8.41982,0,1,0,0.03799,0.81566,0.10111,0.18748,1.3500,0.04500,0.03000,vision_branch+tactile_branch+high_force_branch
no_diagnostic_value,combined_shift,1,2,1,0.06069,0.39530,6.14460,0,1,0,0.02636,0.83855,0.06673,0.14058,1.3500,0.04500,0.03000,vision_branch+tactile_branch+high_force_branch
no_diagnostic_value,combined_shift,1,3,0,0.11332,0.45038,8.02090,0,1,0,0.00726,0.85095,0.10082,0.20731,1.3500,0.04500,0.03000,vision_branch+tactile_branch+high_force_branch
no_diagnostic_value,combined_shift,1,4,0,0.09643,0.55536,6.60197,0,1,0,0.03036,0.83112,0.17054,0.23149,1.3500,0.04500,0.03000,vision_branch+tactile_branch+high_force_branch
no_diagnostic_value,combined_shift,1,5,1,0.05522,0.47807,7.86798,0,1,0,0.02786,0.83597,0.13134,0.17696,1.3500,0.04500,0.03000,vision_branch+tactile_branch+high_force_branch
no_diagnostic_value,combined_shift,1,6,0,0.16673,0.35105,3.55182,0,1,0,0.02475,0.84108,0.01672,0.19705,1.3500,0.04500,0.03000,vision_branch+tactile_branch+high_force_branch
no_diagnostic_value,combined_shift,1,7,1,0.03654,0.45062,7.18087,0,1,0,0.06901,0.72498,0.14687,0.14811,1.3500,0.04500,0.03000,vision_branch+tactile_branch+high_force_branch
no_diagnostic_value,combined_shift,1,8,0,0.07931,0.47104,7.99403,0,1,0,0.04536,0.80160,0.08362,0.20487,1.3500,0.04500,0.03000,vision_branch+tactile_branch+high_force_branch
no_diagnostic_value,combined_shift,1,9,1,0.04216,0.48125,8.88175,0,1,0,0.07927,0.66810,0.20223,0.20619,1.3500,0.04500,0.03000,vision_branch+tactile_branch+high_force_branch
no_diagnostic_value,combined_shift,1,10,0,0.11121,0.49154,8.99847,0,1,0,0.02669,0.83801,0.10413,0.22557,1.3500,0.04500,0.03000,vision_branch+tactile_branch+high_force_branch
no_diagnostic_value,combined_shift,1,11,0,0.09116,0.52357,9.03207,0,1,0,0.03124,0.82927,0.15954,0.23501,1.3500,0.04500,0.03000,vision_branch+tactile_branch+high_force_branch
no_diagnostic_value,combined_shift,2,0,1,0.04632,0.44415,5.97601,0,1,0,0.06380,0.74723,0.13446,0.14040,1.3500,0.04500,0.03000,vision_branch+tactile_branch+high_force_branch
no_diagnostic_value,combined_shift,2,1,1,0.03656,0.45060,6.33170,0,1,0,0.04158,0.80924,0.11862,0.16357,1.3500,0.04500,0.03000,vision_branch+tactile_branch+high_force_branch
no_diagnostic_value,combined_shift,2,2,1,0.03560,0.47047,11.73345,0,1,0,0.02901,0.83382,0.12558,0.20545,1.3500,0.04500,0.03000,vision_branch+tactile_branch+high_force_branch
no_diagnostic_value,combined_shift,2,3,1,0.04795,0.57357,7.47376,0,1,0,0.05011,0.79053,0.21324,0.29556,1.3500,0.04500,0.03000,vision_branch+tactile_branch+high_force_branch
no_diagnostic_value,combined_shift,2,4,0,0.25102,0.42786,16.32734,0,1,0,0.02844,0.83490,0.01344,0.15325,1.3500,0.04500,0.03000,vision_branch+tactile_branch+high_force_branch
no_diagnostic_value,combined_shift,2,5,1,0.03666,0.49867,7.31010,0,1,0,0.07994,0.66367,0.20629,0.20896,1.3500,0.04500,0.03000,vision_branch+tactile_branch+high_force_branch
no_diagnostic_value,combined_shift,2,6,0,0.17561,0.33518,5.00783,0,1,0,0.01437,0.85085,0.04247,0.16095,1.3500,0.04500,0.03000,vision_branch+tactile_branch+high_force_branch
no_diagnostic_value,combined_shift,2,7,1,0.04918,0.45292,7.65099,0,1,0,0.04622,0.79972,0.14415,0.17389,1.3500,0.04500,0.03000,vision_branch+tactile_branch+high_force_branch
no_diagnostic_value,combined_shift,2,8,0,0.19087,0.44174,5.44674,0,1,0,0.02073,0.84620,0.05271,0.23866,1.3500,0.04500,0.03000,vision_branch+tactile_branch+high_force_branch
no_diagnostic_value,combined_shift,2,9,0,0.09061,0.47244,8.30259,0,1,0,0.01620,0.84995,0.10654,0.18834,1.3500,0.04500,0.03000,vision_branch+tactile_branch+high_force_branch
no_diagnostic_value,combined_shift,2,10,1,0.04273,0.57073,8.97346,0,1,0,0.05251,0.78425,0.23715,0.26173,1.3500,0.04500,0.03000,vision_branch+tactile_branch+high_force_branch
no_diagnostic_value,combined_shift,2,11,1,0.03013,0.62236,10.16249,0,1,0,0.00519,0.84995,0.17203,0.17590,1.3500,0.04500,0.03000,vision_branch+tactile_branch+high_force_branch
no_diagnostic_value,combined_shift,3,0,1,0.04135,0.51102,6.93502,0,1,0,0.02152,0.84533,0.14617,0.20415,1.3500,0.04500,0.03000,vision_branch+tactile_branch+high_force_branch
no_diagnostic_value,combined_shift,3,1,1,0.02900,0.43138,6.51523,0,1,0,0.04948,0.79210,0.08845,0.14648,1.3500,0.04500,0.03000,vision_branch+tactile_branch+high_force_branch
no_diagnostic_value,combined_shift,3,2,0,0.10785,0.50795,6.00672,0,1,0,0.08172,0.65128,0.08989,0.27197,1.3500,0.04500,0.03000,vision_branch+tactile_branch+high_force_branch
no_diagnostic_value,combined_shift,3,3,0,0.12494,0.51303,8.82771,0,1,0,0.02626,0.83872,0.12442,0.23419,1.3500,0.04500,0.03000,vision_branch+tactile_branch+high_force_branch
no_diagnostic_value,combined_shift,3,4,1,0.04851,0.45597,9.72839,0,1,0,0.05524,0.77652,0.07665,0.20452,1.3500,0.04500,0.03000,vision_branch+tactile_branch+high_force_branch
no_diagnostic_value,combined_shift,3,5,1,0.05501,0.57775,10.50556,0,1,0,0.04110,0.81016,0.20984,0.27271,1.3500,0.04500,0.03000,vision_branch+tactile_branch+high_force_branch
no_diagnostic_value,combined_shift,3,6,0,0.23988,0.42224,6.40389,0,1,0,0.05519,0.77666,0.00000,0.26637,1.3500,0.04500,0.03000,vision_branch+tactile_branch+high_force_branch
no_diagnostic_value,combined_shift,3,7,1,0.02261,0.48565,5.60483,0,1,0,0.04868,0.79406,0.12568,0.15366,1.3500,0.04500,0.03000,vision_branch+tactile_branch+high_force_branch
no_diagnostic_value,combined_shift,3,8,0,0.10814,0.50694,10.07560,0,1,0,0.05552,0.77568,0.11033,0.25133,1.3500,0.04500,0.03000,vision_branch+tactile_branch+high_force_branch
no_diagnostic_value,combined_shift,3,9,0,0.10482,0.44833,6.08713,0,1,0,0.05163,0.78662,0.09545,0.23779,1.3500,0.04500,0.03000,vision_branch+tactile_branch+high_force_branch
no_diagnostic_value,combined_shift,3,10,1,0.05555,0.47637,9.48065,0,1,0,0.02799,0.83573,0.15917,0.21534,1.3500,0.04500,0.03000,vision_branch+tactile_branch+high_force_branch
no_diagnostic_value,combined_shift,3,11,1,0.04783,0.51082,6.47382,0,1,0,0.03199,0.82764,0.14459,0.18843,1.3500,0.04500,0.03000,vision_branch+tactile_branch+high_force_branch
no_diagnostic_value,combined_shift,4,0,0,0.17760,0.44945,7.35469,0,1,0,0.02215,0.84458,0.06757,0.23542,1.3500,0.04500,0.03000,vision_branch+tactile_branch+high_force_branch
no_diagnostic_value,combined_shift,4,1,1,0.03965,0.51380,8.94047,0,1,0,0.03072,0.83037,0.17264,0.21623,1.3500,0.04500,0.03000,vision_branch+tactile_branch+high_force_branch
no_diagnostic_value,combined_shift,4,2,1,0.04394,0.47350,6.99171,0,1,0,0.01744,0.84914,0.09771,0.18363,1.3500,0.04500,0.03000,vision_branch+tactile_branch+high_force_branch
no_diagnostic_value,combined_shift,4,3,1,0.03022,0.46258,8.71500,0,1,0,0.07813,0.67546,0.14611,0.19220,1.3500,0.04500,0.03000,vision_branch+tactile_branch+high_force_branch
no_diagnostic_value,combined_shift,4,4,1,0.04279,0.50481,6.99596,0,1,0,0.04724,0.79743,0.18323,0.21468,1.3500,0.04500,0.03000,vision_branch+tactile_branch+high_force_branch
no_diagnostic_value,combined_shift,4,5,0,0.11443,0.55398,7.33200,0,1,0,0.00650,0.85065,0.16813,0.28082,1.3500,0.04500,0.03000,vision_branch+tactile_branch+high_force_branch
no_diagnostic_value,combined_shift,4,6,1,0.05389,0.57657,10.46140,0,1,0,0.02648,0.83836,0.19643,0.26808,1.3500,0.04500,0.03000,vision_branch+tactile_branch+high_force_branch
no_diagnostic_value,combined_shift,4,7,1,0.03589,0.62315,27.42716,0,1,0,0.01580,0.85017,0.23096,0.20428,1.3500,0.04500,0.03000,vision_branch+tactile_branch+high_force_branch
no_diagnostic_value,combined_shift,4,8,1,0.04743,0.56375,9.91303,0,1,0,0.04347,0.80554,0.17785,0.26069,1.3500,0.04500,0.03000,vision_branch+tactile_branch+high_force_branch
no_diagnostic_value,combined_shift,4,9,1,0.04507,0.55570,6.39054,0,1,0,0.00998,0.85156,0.15908,0.23719,1.3500,0.04500,0.03000,vision_branch+tactile_branch+high_force_branch
no_diagnostic_value,combined_shift,4,10,0,0.08279,0.50132,8.09537,0,1,0,0.03781,0.81596,0.12628,0.22596,1.3500,0.04500,0.03000,vision_branch+tactile_branch+high_force_branch
no_diagnostic_value,combined_shift,4,11,1,0.04529,0.48912,7.98263,0,1,0,0.02355,0.84278,0.11916,0.18619,1.3500,0.04500,0.03000,vision_branch+tactile_branch+high_force_branch
no_tactile_residual_update,combined_shift,0,0,1,0.04179,0.55854,10.96289,0,1,0,0.00000,-0.00000,0.14249,0.21406,1.3500,0.04500,0.03000,no_tactile
no_tactile_residual_update,combined_shift,0,1,1,0.03308,0.50743,9.75991,0,1,0,0.00000,-0.00000,0.17000,0.24164,1.3500,0.04500,0.03000,no_tactile
no_tactile_residual_update,combined_shift,0,2,1,0.02526,0.57530,10.51523,0,1,0,0.00000,-0.00000,0.15948,0.16376,1.3500,0.04500,0.03000,no_tactile
no_tactile_residual_update,combined_shift,0,3,1,0.03183,0.46100,5.95800,0,1,0,0.00000,-0.00000,0.12841,0.21665,1.3500,0.04500,0.03000,no_tactile
no_tactile_residual_update,combined_shift,0,4,0,0.20498,0.36448,6.51651,0,1,0,0.00000,-0.00000,0.02006,0.21983,1.3500,0.04500,0.03000,no_tactile
no_tactile_residual_update,combined_shift,0,5,1,0.02220,0.46502,6.07716,0,1,0,0.00000,-0.00000,0.11370,0.18508,1.3500,0.04500,0.03000,no_tactile
no_tactile_residual_update,combined_shift,0,6,1,0.02811,0.46684,6.72643,0,1,0,0.00000,-0.00000,0.14074,0.21151,1.3500,0.04500,0.03000,no_tactile
no_tactile_residual_update,combined_shift,0,7,0,0.14630,0.45342,5.43367,0,1,0,0.00000,-0.00000,0.06195,0.24245,1.3500,0.04500,0.03000,no_tactile
no_tactile_residual_update,combined_shift,0,8,0,0.08631,0.54265,11.22084,0,1,0,0.00000,-0.00000,0.13858,0.22929,1.3500,0.04500,0.03000,no_tactile
no_tactile_residual_update,combined_shift,0,9,1,0.06013,0.56527,9.73072,0,1,0,0.00000,-0.00000,0.18631,0.26337,1.3500,0.04500,0.03000,no_tactile
no_tactile_residual_update,combined_shift,0,10,1,0.03233,0.53601,9.05577,0,1,0,0.00000,-0.00000,0.16481,0.23693,1.3500,0.04500,0.03000,no_tactile
no_tactile_residual_update,combined_shift,0,11,0,0.08347,0.52996,8.28088,0,1,0,0.00000,-0.00000,0.16255,0.25325,1.3500,0.04500,0.03000,no_tactile
no_tactile_residual_update,combined_shift,1,0,1,0.04822,0.44777,6.34151,0,1,0,0.00000,-0.00000,0.12651,0.19891,1.3500,0.04500,0.03000,no_tactile
no_tactile_residual_update,combined_shift,1,1,1,0.02503,0.48197,9.03467,0,1,0,0.00000,-0.00000,0.13364,0.20656,1.3500,0.04500,0.03000,no_tactile
no_tactile_residual_update,combined_shift,1,2,1,0.03146,0.58170,9.53916,0,1,0,0.00000,-0.00000,0.21688,0.29005,1.3500,0.04500,0.03000,no_tactile
no_tactile_residual_update,combined_shift,1,3,1,0.02889,0.48148,11.65569,0,1,0,0.00000,-0.00000,0.15465,0.22806,1.3500,0.04500,0.03000,no_tactile
no_tactile_residual_update,combined_shift,1,4,1,0.02421,0.64114,11.09486,0,1,0,0.00000,-0.00000,0.16393,0.18183,1.3500,0.04500,0.03000,no_tactile
no_tactile_residual_update,combined_shift,1,5,1,0.02650,0.59566,9.46644,0,1,0,0.00000,-0.00000,0.17646,0.18091,1.3500,0.04500,0.03000,no_tactile
no_tactile_residual_update,combined_shift,1,6,1,0.02802,0.51280,10.99548,0,1,0,0.00000,-0.00000,0.13278,0.20435,1.3500,0.04500,0.03000,no_tactile
no_tactile_residual_update,combined_shift,1,7,1,0.04835,0.54839,14.28592,0,1,0,0.00000,-0.00000,0.21033,0.27817,1.3500,0.04500,0.03000,no_tactile
no_tactile_residual_update,combined_shift,1,8,1,0.03269,0.49154,7.26384,0,1,0,0.00000,-0.00000,0.11003,0.18117,1.3500,0.04500,0.03000,no_tactile
no_tactile_residual_update,combined_shift,1,9,1,0.05661,0.58499,9.90492,0,1,0,0.00000,-0.00000,0.21296,0.29099,1.3500,0.04500,0.03000,no_tactile
no_tactile_residual_update,combined_shift,1,10,1,0.04310,0.50635,9.39360,0,1,0,0.00000,-0.00000,0.15365,0.22621,1.3500,0.04500,0.03000,no_tactile
no_tactile_residual_update,combined_shift,1,11,1,0.03092,0.61102,13.18859,0,1,0,0.00000,-0.00000,0.22574,0.30026,1.3500,0.04500,0.03000,no_tactile
no_tactile_residual_update,combined_shift,2,0,1,0.07407,0.49103,8.99459,0,1,0,0.00000,-0.00000,0.14877,0.22819,1.3500,0.04500,0.03000,no_tactile
no_tactile_residual_update,combined_shift,2,1,1,0.05474,0.48884,9.43495,0,1,0,0.00000,-0.00000,0.16224,0.23447,1.3500,0.04500,0.03000,no_tactile
no_tactile_residual_update,combined_shift,2,2,0,0.11269,0.50111,7.31886,0,1,0,0.00000,-0.00000,0.11365,0.23068,1.3500,0.04500,0.03000,no_tactile
no_tactile_residual_update,combined_shift,2,3,1,0.02252,0.62687,12.25450,0,1,0,0.00000,-0.00000,0.14414,0.14817,1.3500,0.04500,0.03000,no_tactile
no_tactile_residual_update,combined_shift,2,4,1,0.07291,0.57399,6.79865,0,1,0,0.00000,-0.00000,0.19460,0.27275,1.3500,0.04500,0.03000,no_tactile
no_tactile_residual_update,combined_shift,2,5,0,0.13978,0.53604,8.48554,0,1,0,0.00000,-0.00000,0.11630,0.26873,1.3500,0.04500,0.03000,no_tactile
no_tactile_residual_update,combined_shift,2,6,1,0.02592,0.57884,14.05379,0,1,0,0.00000,-0.00000,0.18618,0.17156,1.3500,0.04500,0.03000,no_tactile
no_tactile_residual_update,combined_shift,2,7,1,0.03537,0.53873,6.41928,0,1,0,0.00000,-0.00000,0.21246,0.28637,1.3500,0.04500,0.03000,no_tactile
no_tactile_residual_update,combined_shift,2,8,1,0.04776,0.56659,11.14358,0,1,0,0.00000,-0.00000,0.23892,0.30732,1.3500,0.04500,0.03000,no_tactile
no_tactile_residual_update,combined_shift,2,9,1,0.02339,0.44020,7.55958,0,1,0,0.00000,-0.00000,0.09068,0.16247,1.3500,0.04500,0.03000,no_tactile
no_tactile_residual_update,combined_shift,2,10,1,0.04798,0.57215,10.66683,0,1,0,0.00000,-0.00000,0.21644,0.28798,1.3500,0.04500,0.03000,no_tactile
no_tactile_residual_update,combined_shift,2,11,0,0.17389,0.49112,6.39044,0,1,0,0.00000,-0.00000,0.07133,0.28323,1.3500,0.04500,0.03000,no_tactile
no_tactile_residual_update,combined_shift,3,0,0,0.16663,0.39765,7.25335,0,1,0,0.00000,-0.00000,0.02328,0.20201,1.3500,0.04500,0.03000,no_tactile
no_tactile_residual_update,combined_shift,3,1,1,0.03382,0.54061,7.57947,0,1,0,0.00000,-0.00000,0.15144,0.22246,1.3500,0.04500,0.03000,no_tactile
no_tactile_residual_update,combined_shift,3,2,1,0.03462,0.48664,9.52706,0,1,0,0.00000,-0.00000,0.17517,0.24580,1.3500,0.04500,0.03000,no_tactile
no_tactile_residual_update,combined_shift,3,3,1,0.03538,0.57956,8.75964,0,1,0,0.00000,-0.00000,0.22211,0.29410,1.3500,0.04500,0.03000,no_tactile
no_tactile_residual_update,combined_shift,3,4,1,0.02772,0.61420,10.30923,0,1,0,0.00000,-0.00000,0.18250,0.19427,1.3500,0.04500,0.03000,no_tactile
no_tactile_residual_update,combined_shift,3,5,1,0.02464,0.57244,8.50387,0,1,0,0.00000,-0.00000,0.16211,0.23557,1.3500,0.04500,0.03000,no_tactile
no_tactile_residual_update,combined_shift,3,6,1,0.04620,0.50845,6.65839,0,1,0,0.00000,-0.00000,0.17695,0.25054,1.3500,0.04500,0.03000,no_tactile
no_tactile_residual_update,combined_shift,3,7,1,0.04064,0.46638,10.39396,0,1,0,0.00000,-0.00000,0.15606,0.22967,1.3500,0.04500,0.03000,no_tactile
no_tactile_residual_update,combined_shift,3,8,0,0.08003,0.50083,9.16145,0,1,0,0.00000,-0.00000,0.17329,0.25826,1.3500,0.04500,0.03000,no_tactile
no_tactile_residual_update,combined_shift,3,9,1,0.04078,0.47185,9.27416,0,1,0,0.00000,-0.00000,0.11916,0.18922,1.3500,0.04500,0.03000,no_tactile
no_tactile_residual_update,combined_shift,3,10,1,0.05463,0.41437,7.64419,0,1,0,0.00000,-0.00000,0.09484,0.18628,1.3500,0.04500,0.03000,no_tactile
no_tactile_residual_update,combined_shift,3,11,0,0.09601,0.50149,8.62184,0,1,0,0.00000,-0.00000,0.13928,0.23051,1.3500,0.04500,0.03000,no_tactile
no_tactile_residual_update,combined_shift,4,0,1,0.03070,0.56946,7.50960,0,1,0,0.00000,-0.00000,0.20944,0.27948,1.3500,0.04500,0.03000,no_tactile
no_tactile_residual_update,combined_shift,4,1,0,0.16159,0.44898,6.70181,0,1,0,0.00000,-0.00000,0.06040,0.24810,1.3500,0.04500,0.03000,no_tactile
no_tactile_residual_update,combined_shift,4,2,1,0.02269,0.45693,6.08774,0,1,0,0.00000,-0.00000,0.15271,0.22575,1.3500,0.04500,0.03000,no_tactile
no_tactile_residual_update,combined_shift,4,3,1,0.02475,0.53948,12.50712,0,1,0,0.00000,-0.00000,0.18474,0.17885,1.3500,0.04500,0.03000,no_tactile
no_tactile_residual_update,combined_shift,4,4,0,0.12530,0.52082,9.25459,0,1,0,0.00000,-0.00000,0.14264,0.28141,1.3500,0.04500,0.03000,no_tactile
no_tactile_residual_update,combined_shift,4,5,1,0.03112,0.50309,8.45290,0,1,0,0.00000,-0.00000,0.16464,0.23898,1.3500,0.04500,0.03000,no_tactile
no_tactile_residual_update,combined_shift,4,6,1,0.04091,0.51492,11.15401,0,1,0,0.00000,-0.00000,0.22341,0.29293,1.3500,0.04500,0.03000,no_tactile
no_tactile_residual_update,combined_shift,4,7,1,0.03558,0.55761,10.75042,0,1,0,0.00000,-0.00000,0.17477,0.24846,1.3500,0.04500,0.03000,no_tactile
no_tactile_residual_update,combined_shift,4,8,0,0.18343,0.59727,25.67177,0,1,0,0.00000,-0.00000,0.06649,0.16903,1.3500,0.04500,0.03000,no_tactile
no_tactile_residual_update,combined_shift,4,9,0,0.12516,0.48757,9.29542,0,1,0,0.00000,-0.00000,0.10670,0.23754,1.3500,0.04500,0.03000,no_tactile
no_tactile_residual_update,combined_shift,4,10,1,0.02535,0.49448,7.04776,0,1,0,0.00000,-0.00000,0.17393,0.24931,1.3500,0.04500,0.03000,no_tactile
no_tactile_residual_update,combined_shift,4,11,1,0.04570,0.46895,6.99671,0,1,0,0.00000,-0.00000,0.15470,0.22647,1.3500,0.04500,0.03000,no_tactile
no_risk_penalty,combined_shift,0,0,1,0.02576,0.53498,6.47234,0,1,0,0.03278,0.82583,0.14141,0.24706,1.3500,0.04500,0.03000,vision_branch+tactile_branch+high_force_branch
no_risk_penalty,combined_shift,0,1,0,0.16320,0.51321,14.58674,0,1,0,0.03723,0.81692,0.13982,0.18087,1.3500,0.04500,0.03000,vision_branch+tactile_branch+high_force_branch
no_risk_penalty,combined_shift,0,2,0,0.11512,0.47469,5.10590,0,1,1,0.10216,0.58203,0.01310,0.14450,1.3500,0.04500,0.03000,vision_branch+tactile_branch+high_force_branch
no_risk_penalty,combined_shift,0,3,0,0.11505,0.57314,11.44529,0,1,0,0.02640,0.83849,0.15382,0.28282,1.3500,0.04500,0.03000,vision_branch+tactile_branch+high_force_branch
no_risk_penalty,combined_shift,0,4,1,0.02160,0.62931,7.19278,0,1,1,0.07068,0.71701,0.12798,0.18314,1.3500,0.04500,0.03000,vision_branch+tactile_branch+high_force_branch
no_risk_penalty,combined_shift,0,5,1,0.04057,0.59818,7.69231,0,1,1,0.07131,0.71388,0.08383,0.18072,1.3500,0.04500,0.03000,vision_branch+tactile_branch+high_force_branch
no_risk_penalty,combined_shift,0,6,0,0.20440,0.39957,7.19622,0,1,0,0.03133,0.82907,0.00157,0.23651,1.3500,0.04500,0.03000,vision_branch+tactile_branch+high_force_branch
no_risk_penalty,combined_shift,0,7,0,0.12891,0.45354,6.11957,0,1,0,0.03358,0.82394,0.07656,0.18807,1.3500,0.04500,0.03000,vision_branch+tactile_branch+high_force_branch
no_risk_penalty,combined_shift,0,8,0,0.09750,0.46185,7.97648,0,1,0,0.03784,0.81591,0.10993,0.15848,1.3500,0.04500,0.03000,vision_branch+tactile_branch+high_force_branch
no_risk_penalty,combined_shift,0,9,1,0.03052,0.58970,7.79508,0,1,1,0.08650,0.61394,0.14452,0.18058,1.3500,0.04500,0.03000,vision_branch+tactile_branch+high_force_branch
no_risk_penalty,combined_shift,0,10,0,0.12593,0.49041,6.05917,0,1,0,0.01983,0.84711,0.09120,0.23423,1.3500,0.04500,0.03000,vision_branch+tactile_branch+high_force_branch
no_risk_penalty,combined_shift,0,11,1,0.03847,0.53342,8.25100,0,1,0,0.00825,0.85127,0.14266,0.20927,1.3500,0.04500,0.03000,vision_branch+tactile_branch+high_force_branch
no_risk_penalty,combined_shift,1,0,0,0.19689,0.36241,6.94701,0,1,0,0.04719,0.79754,0.00000,0.22706,1.3500,0.04500,0.03000,vision_branch+tactile_branch+high_force_branch
no_risk_penalty,combined_shift,1,1,0,0.13199,0.48135,7.10377,0,1,0,0.02555,0.83986,0.12946,0.23501,1.3500,0.04500,0.03000,vision_branch+tactile_branch+high_force_branch
no_risk_penalty,combined_shift,1,2,1,0.02857,0.56612,5.66233,0,1,1,0.10665,0.58203,0.09769,0.14685,1.3500,0.04500,0.03000,vision_branch+tactile_branch+high_force_branch
no_risk_penalty,combined_shift,1,3,1,0.02935,0.51552,7.01683,0,1,0,0.03584,0.81915,0.12587,0.20724,1.3500,0.04500,0.03000,vision_branch+tactile_branch+high_force_branch
no_risk_penalty,combined_shift,1,4,0,0.18557,0.47100,4.87414,0,1,0,0.01960,0.84733,0.04250,0.28869,1.3500,0.04500,0.03000,vision_branch+tactile_branch+high_force_branch
no_risk_penalty,combined_shift,1,5,1,0.02363,0.54060,7.65781,0,1,1,0.07194,0.71070,0.12823,0.17997,1.3500,0.04500,0.03000,vision_branch+tactile_branch+high_force_branch
no_risk_penalty,combined_shift,1,6,1,0.02225,0.52198,7.23753,0,1,1,0.08169,0.65151,0.06124,0.15907,1.3500,0.04500,0.03000,vision_branch+tactile_branch+high_force_branch
no_risk_penalty,combined_shift,1,7,1,0.03109,0.53261,9.21054,0,1,0,0.04327,0.80595,0.16589,0.21319,1.3500,0.04500,0.03000,vision_branch+tactile_branch+high_force_branch
no_risk_penalty,combined_shift,1,8,0,0.10184,0.42222,5.70714,0,1,0,0.01307,0.85127,0.07616,0.21272,1.3500,0.04500,0.03000,vision_branch+tactile_branch+high_force_branch
no_risk_penalty,combined_shift,1,9,1,0.01245,0.57644,12.44534,0,1,0,0.02826,0.83523,0.15070,0.13395,1.3500,0.04500,0.03000,vision_branch+tactile_branch+high_force_branch
no_risk_penalty,combined_shift,1,10,1,0.06509,0.41766,7.89473,0,1,0,0.01945,0.84747,0.08960,0.16494,1.3500,0.04500,0.03000,vision_branch+tactile_branch+high_force_branch
no_risk_penalty,combined_shift,1,11,0,0.14311,0.50988,5.80203,0,1,1,0.07035,0.71860,0.00654,0.17486,1.3500,0.04500,0.03000,vision_branch+tactile_branch+high_force_branch
no_risk_penalty,combined_shift,2,0,0,0.18921,0.33788,7.60852,0,1,0,0.02259,0.84404,0.00030,0.18130,1.3500,0.04500,0.03000,vision_branch+tactile_branch+high_force_branch
no_risk_penalty,combined_shift,2,1,0,0.14874,0.50710,8.91385,0,0,0,0.03987,0.84780,0.16723,0.32075,1.3500,0.04500,0.03000,vision_branch+tactile_branch+high_force_branch
no_risk_penalty,combined_shift,2,2,1,0.02554,0.42358,7.50337,0,1,0,0.01975,0.84720,0.07943,0.15573,1.3500,0.04500,0.03000,vision_branch+tactile_branch+high_force_branch
no_risk_penalty,combined_shift,2,3,1,0.02686,0.52462,7.04859,0,0,0,0.00734,0.63876,0.22071,0.30209,1.3500,0.04500,0.03000,vision_branch+tactile_branch+high_force_branch
no_risk_penalty,combined_shift,2,4,1,0.03161,0.61494,9.71597,0,1,1,0.06602,0.73821,0.11493,0.24461,1.3500,0.04500,0.03000,vision_branch+tactile_branch+high_force_branch
no_risk_penalty,combined_shift,2,5,0,0.13029,0.61304,8.34642,0,1,1,0.06642,0.73650,0.07855,0.22306,1.3500,0.04500,0.03000,vision_branch+tactile_branch+high_force_branch
no_risk_penalty,combined_shift,2,6,1,0.02504,0.61189,8.76345,0,1,1,0.05934,0.76350,0.11131,0.24116,1.3500,0.04500,0.03000,vision_branch+tactile_branch+high_force_branch
no_risk_penalty,combined_shift,2,7,1,0.03177,0.53016,6.67553,0,1,0,0.01367,0.85110,0.13773,0.22023,1.3500,0.04500,0.03000,vision_branch+tactile_branch+high_force_branch
no_risk_penalty,combined_shift,2,8,1,0.06543,0.53940,8.58502,0,1,0,0.04207,0.80831,0.18611,0.22171,1.3500,0.04500,0.03000,vision_branch+tactile_branch+high_force_branch
no_risk_penalty,combined_shift,2,9,1,0.02937,0.66316,11.11197,0,1,1,0.10607,0.58203,0.17471,0.21473,1.3500,0.04500,0.03000,vision_branch+tactile_branch+high_force_branch
no_risk_penalty,combined_shift,2,10,0,0.14867,0.50137,6.27660,0,1,1,0.12619,0.58203,0.04770,0.19554,1.3500,0.04500,0.03000,vision_branch+tactile_branch+high_force_branch
no_risk_penalty,combined_shift,2,11,1,0.02326,0.53958,7.99688,0,1,0,0.04738,0.79712,0.13338,0.17173,1.3500,0.04500,0.03000,vision_branch+tactile_branch+high_force_branch
no_risk_penalty,combined_shift,3,0,1,0.04547,0.52817,6.81226,0,1,0,0.03554,0.81961,0.18680,0.22429,1.3500,0.04500,0.03000,vision_branch+tactile_branch+high_force_branch
no_risk_penalty,combined_shift,3,1,1,0.04617,0.65933,64.19561,0,1,0,0.04100,0.81034,0.09824,0.21696,1.3500,0.04500,0.03000,vision_branch+tactile_branch+high_force_branch
no_risk_penalty,combined_shift,3,2,0,0.12957,0.43773,6.72245,0,1,0,0.05168,0.78650,0.10368,0.19773,1.3500,0.04500,0.03000,vision_branch+tactile_branch+high_force_branch
no_risk_penalty,combined_shift,3,3,1,0.03164,0.65525,6.13832,0,1,1,0.07645,0.68579,0.12818,0.21854,1.3500,0.04500,0.03000,vision_branch+tactile_branch+high_force_branch
no_risk_penalty,combined_shift,3,4,0,0.21419,0.46584,7.21007,0,1,0,0.04715,0.79762,0.01353,0.29714,1.3500,0.04500,0.03000,vision_branch+tactile_branch+high_force_branch
no_risk_penalty,combined_shift,3,5,1,0.04910,0.48718,6.10979,0,1,0,0.03881,0.81426,0.13144,0.18729,1.3500,0.04500,0.03000,vision_branch+tactile_branch+high_force_branch
no_risk_penalty,combined_shift,3,6,1,0.02227,0.71180,9.11599,0,1,1,0.10718,0.58203,0.14772,0.16866,1.3500,0.04500,0.03000,vision_branch+tactile_branch+high_force_branch
no_risk_penalty,combined_shift,3,7,1,0.02321,0.67122,11.35473,0,1,1,0.11804,0.58203,0.11531,0.14903,1.3500,0.04500,0.03000,vision_branch+tactile_branch+high_force_branch
no_risk_penalty,combined_shift,3,8,0,0.12466,0.44811,5.65102,0,1,0,0.00897,0.85143,0.08409,0.19934,1.3500,0.04500,0.03000,vision_branch+tactile_branch+high_force_branch
no_risk_penalty,combined_shift,3,9,1,0.03243,0.55674,7.81405,0,1,1,0.08472,0.62866,0.06760,0.14152,1.3500,0.04500,0.03000,vision_branch+tactile_branch+high_force_branch
no_risk_penalty,combined_shift,3,10,0,0.12206,0.61399,6.62126,0,1,1,0.05608,0.77399,0.06620,0.19096,1.3500,0.04500,0.03000,vision_branch+tactile_branch+high_force_branch
no_risk_penalty,combined_shift,3,11,1,0.02816,0.40838,6.69783,0,1,0,0.03086,0.83008,0.07133,0.17985,1.3500,0.04500,0.03000,vision_branch+tactile_branch+high_force_branch
no_risk_penalty,combined_shift,4,0,0,0.12134,0.61888,12.97776,0,1,1,0.06637,0.73671,0.10496,0.28867,1.3500,0.04500,0.03000,vision_branch+tactile_branch+high_force_branch
no_risk_penalty,combined_shift,4,1,1,0.03457,0.54748,6.46876,0,1,0,0.02415,0.84195,0.20593,0.26313,1.3500,0.04500,0.03000,vision_branch+tactile_branch+high_force_branch
no_risk_penalty,combined_shift,4,2,0,0.22531,0.36743,16.19779,0,1,1,0.07142,0.71331,0.00000,0.08293,1.3500,0.04500,0.03000,vision_branch+tactile_branch+high_force_branch
no_risk_penalty,combined_shift,4,3,1,0.02225,0.59091,5.68244,0,1,1,0.06015,0.76070,0.05703,0.16034,1.3500,0.04500,0.03000,vision_branch+tactile_branch+high_force_branch
no_risk_penalty,combined_shift,4,4,0,0.11941,0.39677,5.60078,0,1,0,0.02378,0.84247,0.05373,0.18063,1.3500,0.04500,0.03000,vision_branch+tactile_branch+high_force_branch
no_risk_penalty,combined_shift,4,5,1,0.07447,0.48015,8.72979,0,1,0,0.04792,0.79585,0.14575,0.22142,1.3500,0.04500,0.03000,vision_branch+tactile_branch+high_force_branch
no_risk_penalty,combined_shift,4,6,1,0.03986,0.62591,8.34359,0,1,1,0.07482,0.69523,0.12979,0.20254,1.3500,0.04500,0.03000,vision_branch+tactile_branch+high_force_branch
no_risk_penalty,combined_shift,4,7,1,0.02762,0.56793,9.70274,0,1,0,0.03526,0.82004,0.22983,0.26826,1.3500,0.04500,0.03000,vision_branch+tactile_branch+high_force_branch
no_risk_penalty,combined_shift,4,8,1,0.03965,0.46270,8.05851,0,1,0,0.04845,0.79461,0.09228,0.20323,1.3500,0.04500,0.03000,vision_branch+tactile_branch+high_force_branch
no_risk_penalty,combined_shift,4,9,1,0.02281,0.47844,7.88164,0,1,0,0.01439,0.85084,0.13697,0.21036,1.3500,0.04500,0.03000,vision_branch+tactile_branch+high_force_branch
no_risk_penalty,combined_shift,4,10,1,0.06829,0.44469,8.14953,0,1,0,0.04333,0.80582,0.14521,0.21409,1.3500,0.04500,0.03000,vision_branch+tactile_branch+high_force_branch
no_risk_penalty,combined_shift,4,11,0,0.09358,0.57290,10.49746,0,1,0,0.01204,0.85148,0.17959,0.27937,1.3500,0.04500,0.03000,vision_branch+tactile_branch+high_force_branch
small_branch_set,combined_shift,0,0,1,0.04817,0.57307,10.78813,0,1,0,0.03732,-0.00000,0.24092,0.30044,1.3500,0.04500,0.03000,small
small_branch_set,combined_shift,0,1,0,0.14236,0.53444,10.89085,0,1,0,0.03691,-0.00000,0.15762,0.28751,1.3500,0.04500,0.03000,small
small_branch_set,combined_shift,0,2,0,0.08057,0.51582,7.75490,0,1,0,0.01656,-0.00000,0.17345,0.24528,1.3500,0.04500,0.03000,small
small_branch_set,combined_shift,0,3,0,0.21768,0.45222,5.96473,0,1,0,0.01913,-0.00000,0.01741,0.27036,1.3500,0.04500,0.03000,small
small_branch_set,combined_shift,0,4,0,0.08195,0.54138,8.82621,0,1,0,0.05199,-0.00000,0.22098,0.27312,1.3500,0.04500,0.03000,small
small_branch_set,combined_shift,0,5,0,0.12863,0.50569,8.00475,0,1,0,0.01703,-0.00000,0.11765,0.26045,1.3500,0.04500,0.03000,small
small_branch_set,combined_shift,0,6,1,0.02206,0.60616,7.30053,0,1,1,0.06658,-0.00000,0.10371,0.18878,1.3500,0.04500,0.03000,small
small_branch_set,combined_shift,0,7,1,0.03294,0.67412,8.79208,0,1,1,0.08750,-0.00000,0.12765,0.19681,1.3500,0.04500,0.03000,small
small_branch_set,combined_shift,0,8,0,0.18551,0.37002,3.34790,0,1,1,0.05578,-0.00000,0.00000,0.15256,1.3500,0.04500,0.03000,small
small_branch_set,combined_shift,0,9,0,0.13586,0.52042,5.08258,0,1,1,0.09757,-0.00000,0.09006,0.18540,1.3500,0.04500,0.03000,small
small_branch_set,combined_shift,0,10,1,0.02594,0.56505,8.68548,0,1,0,0.03055,-0.00000,0.18569,0.25631,1.3500,0.04500,0.03000,small
small_branch_set,combined_shift,0,11,1,0.02787,0.44864,6.85978,0,1,0,0.04774,-0.00000,0.09658,0.12913,1.3500,0.04500,0.03000,small
small_branch_set,combined_shift,1,0,0,0.15467,0.44556,6.79820,0,1,1,0.05785,-0.00000,0.00086,0.20402,1.3500,0.04500,0.03000,small
small_branch_set,combined_shift,1,1,1,0.02638,0.61943,8.81241,0,1,1,0.07640,-0.00000,0.13068,0.20293,1.3500,0.04500,0.03000,small
small_branch_set,combined_shift,1,2,1,0.01480,0.44608,6.62316,0,1,0,0.05323,-0.00000,0.12692,0.16885,1.3500,0.04500,0.03000,small
small_branch_set,combined_shift,1,3,1,0.03401,0.53061,7.04724,0,1,0,0.02422,-0.00000,0.13725,0.23404,1.3500,0.04500,0.03000,small
small_branch_set,combined_shift,1,4,1,0.02744,0.53601,11.98864,0,1,0,0.00797,-0.00000,0.14635,0.22344,1.3500,0.04500,0.03000,small
small_branch_set,combined_shift,1,5,0,0.12711,0.46854,4.79946,0,1,0,0.02848,-0.00000,0.08728,0.25214,1.3500,0.04500,0.03000,small
small_branch_set,combined_shift,1,6,1,0.02664,0.57140,6.69445,0,1,0,0.03245,-0.00000,0.18571,0.26406,1.3500,0.04500,0.03000,small
small_branch_set,combined_shift,1,7,0,0.11062,0.50513,7.23334,0,1,1,0.08995,-0.00000,0.02726,0.20860,1.3500,0.04500,0.03000,small
small_branch_set,combined_shift,1,8,0,0.11986,0.65769,7.79411,0,1,1,0.05767,-0.00000,0.11967,0.25909,1.3500,0.04500,0.03000,small
small_branch_set,combined_shift,1,9,0,0.10642,0.56862,7.24932,0,1,1,0.08913,-0.00000,0.09024,0.14639,1.3500,0.04500,0.03000,small
small_branch_set,combined_shift,1,10,0,0.08293,0.54132,7.92542,0,1,0,0.02413,-0.00000,0.12870,0.23711,1.3500,0.04500,0.03000,small
small_branch_set,combined_shift,1,11,0,0.12035,0.51190,9.06653,0,1,0,0.05127,-0.00000,0.17583,0.26521,1.3500,0.04500,0.03000,small
small_branch_set,combined_shift,2,0,1,0.02937,0.48239,7.18789,0,1,0,0.02421,-0.00000,0.13204,0.22025,1.3500,0.04500,0.03000,small
small_branch_set,combined_shift,2,1,0,0.10260,0.52499,9.71808,0,1,0,0.01401,-0.00000,0.13396,0.23336,1.3500,0.04500,0.03000,small
small_branch_set,combined_shift,2,2,1,0.02611,0.58378,10.07578,0,1,0,0.03614,-0.00000,0.23663,0.28083,1.3500,0.04500,0.03000,small
small_branch_set,combined_shift,2,3,0,0.20894,0.46844,7.56684,0,1,1,0.14483,-0.00000,0.02196,0.20791,1.3500,0.04500,0.03000,small
small_branch_set,combined_shift,2,4,1,0.01680,0.65663,15.81682,0,1,1,0.10131,-0.00000,0.21849,0.18461,1.3500,0.04500,0.03000,small
small_branch_set,combined_shift,2,5,1,0.03508,0.55323,7.44180,0,1,0,0.02848,-0.00000,0.17054,0.24358,1.3500,0.04500,0.03000,small
small_branch_set,combined_shift,2,6,1,0.02179,0.47914,6.70050,0,1,0,0.05365,-0.00000,0.17058,0.20522,1.3500,0.04500,0.03000,small
small_branch_set,combined_shift,2,7,1,0.02108,0.51040,9.11448,0,1,0,0.02619,-0.00000,0.18715,0.23197,1.3500,0.04500,0.03000,small
small_branch_set,combined_shift,2,8,1,0.02393,0.61674,11.18569,0,1,0,0.01476,-0.00000,0.14130,0.15349,1.3500,0.04500,0.03000,small
small_branch_set,combined_shift,2,9,0,0.12993,0.54113,5.94257,0,1,1,0.07733,-0.00000,0.04619,0.21095,1.3500,0.04500,0.03000,small
small_branch_set,combined_shift,2,10,0,0.11045,0.59484,8.60593,0,1,1,0.08656,-0.00000,0.12386,0.22242,1.3500,0.04500,0.03000,small
small_branch_set,combined_shift,2,11,0,0.14201,0.48177,5.96115,0,1,1,0.08837,-0.00000,0.00334,0.16600,1.3500,0.04500,0.03000,small
small_branch_set,combined_shift,3,0,1,0.03653,0.68832,8.15167,0,1,1,0.05823,-0.00000,0.19828,0.31364,1.3500,0.04500,0.03000,small
small_branch_set,combined_shift,3,1,1,0.04072,0.57594,8.55485,0,1,0,0.05286,-0.00000,0.24362,0.27280,1.3500,0.04500,0.03000,small
small_branch_set,combined_shift,3,2,0,0.15235,0.51715,4.38733,0,1,0,0.04292,-0.00000,0.08597,0.30168,1.3500,0.04500,0.03000,small
small_branch_set,combined_shift,3,3,1,0.02487,0.53649,7.18561,0,1,0,0.03024,-0.00000,0.13947,0.21875,1.3500,0.04500,0.03000,small
small_branch_set,combined_shift,3,4,0,0.24594,0.43923,3.07117,0,1,1,0.05948,-0.00000,0.00000,0.22531,1.3500,0.04500,0.03000,small
small_branch_set,combined_shift,3,5,1,0.04764,0.52096,10.12318,0,1,0,0.01722,-0.00000,0.14390,0.22791,1.3500,0.04500,0.03000,small
small_branch_set,combined_shift,3,6,1,0.02137,0.50854,7.92903,0,1,0,0.01402,-0.00000,0.13314,0.20538,1.3500,0.04500,0.03000,small
small_branch_set,combined_shift,3,7,0,0.10271,0.42629,8.75047,0,1,0,0.03712,-0.00000,0.08935,0.20024,1.3500,0.04500,0.03000,small
small_branch_set,combined_shift,3,8,0,0.15654,0.51030,6.68395,0,1,1,0.10421,-0.00000,0.02244,0.21065,1.3500,0.04500,0.03000,small
small_branch_set,combined_shift,3,9,1,0.05892,0.47599,7.50426,0,1,0,0.05250,-0.00000,0.11014,0.17643,1.3500,0.04500,0.03000,small
small_branch_set,combined_shift,3,10,1,0.05984,0.45032,6.72818,0,1,0,0.02714,-0.00000,0.15132,0.20431,1.3500,0.04500,0.03000,small
small_branch_set,combined_shift,3,11,1,0.02379,0.46241,7.70612,0,1,0,0.03838,-0.00000,0.11880,0.18231,1.3500,0.04500,0.03000,small
small_branch_set,combined_shift,4,0,0,0.08751,0.51700,8.58372,0,1,0,0.03854,-0.00000,0.18679,0.23927,1.3500,0.04500,0.03000,small
small_branch_set,combined_shift,4,1,1,0.02149,0.82513,12.53414,0,1,1,0.05661,-0.00000,0.12599,0.15142,1.3500,0.04500,0.03000,small
small_branch_set,combined_shift,4,2,1,0.03140,0.53955,8.28305,0,1,0,0.04209,-0.00000,0.17274,0.20226,1.3500,0.04500,0.03000,small
small_branch_set,combined_shift,4,3,1,0.03834,0.59143,7.48789,0,1,1,0.07757,-0.00000,0.07874,0.16464,1.3500,0.04500,0.03000,small
small_branch_set,combined_shift,4,4,0,0.24226,0.35861,8.08314,0,1,1,0.11227,-0.00000,0.00072,0.16448,1.3500,0.04500,0.03000,small
small_branch_set,combined_shift,4,5,0,0.29884,0.63612,48.08173,0,1,1,0.13194,-0.00000,0.02315,0.18588,1.3500,0.04500,0.03000,small
small_branch_set,combined_shift,4,6,0,0.08790,0.38788,6.10892,0,1,0,0.03180,-0.00000,0.05045,0.12318,1.3500,0.04500,0.03000,small
small_branch_set,combined_shift,4,7,0,0.10486,0.42675,7.05359,0,1,0,0.02990,-0.00000,0.09713,0.18723,1.3500,0.04500,0.03000,small
small_branch_set,combined_shift,4,8,1,0.02541,0.63005,6.98433,0,1,1,0.06485,-0.00000,0.13598,0.16995,1.3500,0.04500,0.03000,small
small_branch_set,combined_shift,4,9,0,0.08525,0.47776,8.94787,0,1,0,0.02677,-0.00000,0.12728,0.19415,1.3500,0.04500,0.03000,small
small_branch_set,combined_shift,4,10,1,0.07116,0.55187,11.13591,0,1,0,0.03368,-0.00000,0.16506,0.25316,1.3500,0.04500,0.03000,small
small_branch_set,combined_shift,4,11,0,0.21962,0.37122,5.67835,0,1,1,0.08462,-0.00000,0.00000,0.14354,1.3500,0.04500,0.03000,small
